07D,0,0,12:04:37
07E,0,0,12:04:40
07F,0,0,12:04:43
080,0,0,12:04:46
081,0,0,12:04:48
082,0,0,12:04:51
083,0,0,12:04:54
084,0,0,12:04:57
085,0,0,12:04:59
086,0,0,12:05:02
087,0,0,12:05:05
088,0,0,12:05:08
089,0,0,12:05:11
08A,0,0,12:05:13
08B,0,0,12:05:16
08C,0,0,12:05:19
08D,0,0,12:05:22
08E,0,0,12:05:25
08F,0,0,12:05:27
090,0,0,12:05:30
091,0,0,12:05:33
092,0,0,12:05:36
093,0,0,12:05:38
094,0,0,12:05:41
095,0,0,12:05:44
096,0,0,12:05:47
097,0,0,12:05:50
098,0,0,12:05:52
099,0,0,12:05:55
09A,0,0,12:05:58
09B,0,0,12:06:01
09C,0,0,12:06:03
09D,0,0,12:06:06
09E,0,0,12:06:09
09F,0,0,12:06:12
0A0,0,0,12:06:15
0A1,0,0,12:06:17
0A2,0,0,12:06:20
0A3,0,0,12:06:23
0A4,0,0,12:06:26
0A5,0,0,12:06:28
0A6,0,0,12:06:31
0A7,0,0,12:06:34
0A8,0,0,12:06:37
0A9,0,0,12:06:40
0AA,0,0,12:06:42
0AB,0,0,12:06:45
0AC,0,0,12:06:48
0AD,0,0,12:06:51
0AE,0,0,12:06:53
0AF,0,0,12:06:56
0B0,0,0,12:06:59
0B1,0,0,12:07:02
0B2,0,0,12:07:05
0B3,0,0,12:07:07
0B4,0,0,12:07:10
0B5,0,0,12:07:13
0B6,0,0,12:07:16
0B7,0,0,12:07:19
0B8,0,0,12:07:21
0B9,0,0,12:07:24
0BA,0,0,12:07:27
0BB,0,0,12:07:30
0BC,0,0,12:07:33
0BD,0,0,12:07:35
0BE,0,0,12:07:38
0BF,0,0,12:07:41
0C0,0,0,12:07:44
0C1,0,0,12:07:47
0C2,0,0,12:07:49
0C3,0,0,12:07:52
0C4,0,0,12:07:55
0C5,0,0,12:07:58
0C6,0,0,12:08:01
0C7,0,0,12:08:03
0C8,0,0,12:08:06
0C9,0,0,12:08:09
0CA,0,0,12:08:12
0CB,0,0,12:08:14
0CC,0,0,12:08:17
0CD,0,0,12:08:20
0CE,0,0,12:08:23
0CF,0,0,12:08:25
0D0,0,0,12:08:28
0D1,0,0,12:08:31
0D2,0,0,12:08:34
0D3,0,0,12:08:37
0D4,0,0,12:08:39
0D5,0,0,12:08:42
0D6,0,0,12:08:45
0D8,0,0,12:08:48
0D9,0,0,12:08:51
0DA,0,0,12:08:53
0DB,0,0,12:08:56
0DC,0,0,12:08:59
0DD,0,0,12:09:02
0DE,0,0,12:09:05
0DF,0,0,12:09:07
0E0,0,0,12:09:10
0E1,0,0,12:09:13
0E2,0,0,12:09:16
0E3,0,0,12:09:18
0E4,0,0,12:09:21
0E5,0,0,12:09:24
0E6,0,0,12:09:27
0E7,0,0,12:09:30
0E8,0,0,12:09:32
0E9,0,0,12:09:35
0EA,0,0,12:09:38
0EB,0,0,12:09:41
0EC,0,0,12:09:43
0ED,0,0,12:09:46
0EE,0,0,12:09:49
0EF,0,0,12:09:52
0F0,0,0,12:09:55
0F1,0,0,12:09:57
0F2,0,0,12:10:00
0F4,0,0,12:10:03
0F5,0,0,12:10:06
0F6,0,0,12:10:09
0F7,0,0,12:10:11
0F8,0,0,12:10:14
0F9,0,0,12:10:17
0FA,0,0,12:10:20
0FB,0,0,12:10:22
0FC,0,0,12:10:25
0FD,0,0,12:10:28
0FE,0,0,12:10:31
0FF,0,0,12:10:34
100,0,0,12:10:36
101,0,0,12:10:39
102,0,0,12:10:42
103,0,0,12:10:45
104,0,0,12:10:48
105,0,0,12:10:50
106,0,0,12:10:53
107,0,0,12:10:56
108,0,0,12:10:59
109,0,0,12:11:01
10A,0,0,12:11:04
10B,0,0,12:11:07
10C,0,0,12:11:10
10D,0,0,12:11:13
10E,0,0,12:11:15
10F,0,0,12:11:18
110,0,0,12:11:21
111,0,0,12:11:24
112,0,0,12:11:27
113,0,0,12:11:29
114,0,0,12:11:32
115,0,0,12:11:35
116,0,0,12:11:38
117,0,0,12:11:41
118,0,0,12:11:43
119,0,0,12:11:46
11A,0,0,12:11:49
11B,0,0,12:11:52
11C,0,0,12:11:54
11D,0,0,12:11:57
11E,0,0,12:12:00
11F,0,0,12:12:03
120,0,0,12:12:06
121,0,0,12:12:08
122,0,0,12:12:11
123,0,0,12:12:14
124,0,0,12:12:17
125,0,0,12:12:19
126,0,0,12:12:22
127,0,0,12:12:25
128,0,0,12:12:28
129,0,0,12:12:31
12A,0,0,12:12:33
12B,0,0,12:12:36
12C,0,0,12:12:39
12D,0,0,12:12:42
12E,0,0,12:12:44
130,0,0,12:12:47
131,0,0,12:12:50
132,0,0,12:12:53
133,0,0,12:12:56
134,0,0,12:12:58
135,0,0,12:13:01
136,0,0,12:13:04
137,0,0,12:13:07
138,0,0,12:13:10
139,0,0,12:13:12
13A,0,0,12:13:15
13B,0,0,12:13:18
13C,0,0,12:13:21
13D,0,0,12:13:23
13E,0,0,12:13:26
13F,0,0,12:13:29
140,0,0,12:13:32
141,0,0,12:13:35
142,0,0,12:13:38
143,0,0,12:13:40
144,0,0,12:13:43
145,0,0,12:13:46
146,0,0,12:13:49
147,0,0,12:13:51
148,0,0,12:13:54
149,0,0,12:13:57
14A,0,0,12:14:00
14B,0,0,12:14:03
14C,0,0,12:14:05
14D,0,0,12:14:08
14E,0,0,12:14:11
14F,0,0,12:14:14
150,0,0,12:14:17
151,0,0,12:14:19
152,0,0,12:14:22
153,0,0,12:14:25
154,0,0,12:14:28
155,0,0,12:14:31
156,0,0,12:14:33
157,0,0,12:14:36
158,0,0,12:14:39
159,0,0,12:14:42
15A,0,0,12:14:45
15B,0,0,12:14:47
15C,0,0,12:14:50
15D,0,0,12:14:53
15E,0,0,12:14:56
15F,0,0,12:14:58
160,0,0,12:15:01
161,0,0,12:15:04
162,0,0,12:15:07
163,0,0,12:15:10
164,0,0,12:15:12
165,0,0,12:15:15
166,0,0,12:15:18
167,0,0,12:15:21
168,0,0,12:15:23
169,0,0,12:15:26
16A,0,0,12:15:29
16B,0,0,12:15:32
16C,0,0,12:15:35
16D,0,0,12:15:37
16E,0,0,12:15:40
16F,0,0,12:15:43
170,0,0,12:15:46
171,0,0,12:15:48
172,0,0,12:15:51
173,0,0,12:15:54
174,0,0,12:15:57
175,0,0,12:16:00
176,0,0,12:16:02
177,0,0,12:16:05
178,0,0,12:16:08
179,0,0,12:16:11
17A,0,0,12:16:14
17B,0,0,12:16:16
17C,0,0,12:16:19
17D,0,0,12:16:22
17E,0,0,12:16:25
17F,0,0,12:16:27
180,0,0,12:16:30
181,0,0,12:16:33
182,0,0,12:16:36
183,0,0,12:16:39
184,0,0,12:16:41
185,0,0,12:16:44
186,0,0,12:16:47
187,0,0,12:16:50
188,0,0,12:16:52
189,0,0,12:16:55
18A,0,0,12:16:58
18B,0,0,12:17:01
18C,0,0,12:17:04
18D,0,0,12:17:06
18E,0,0,12:17:09
18F,0,0,12:17:12
190,0,0,12:17:15
191,0,0,12:17:17
192,0,0,12:17:20
194,0,0,12:17:23
195,0,0,12:17:26
196,0,0,12:17:29
197,0,0,12:17:31
198,0,0,12:17:34
199,0,0,12:17:37
19A,0,0,12:17:40
19C,0,0,12:17:42
19D,0,0,12:17:45
19E,0,0,12:17:48
19F,0,0,12:17:51
1A0,0,0,12:17:54
1A2,0,0,12:17:57
1A3,0,0,12:17:59
1A4,0,0,12:18:02
1A5,0,0,12:18:05
1A6,0,0,12:18:08
1A7,0,0,12:18:11
1A8,0,0,12:18:13
1A9,0,0,12:18:16
1AA,0,0,12:18:19
1AB,0,0,12:18:22
1AC,0,0,12:18:25
1AD,0,0,12:18:27
1AE,0,0,12:18:30
1AF,0,0,12:18:33
1B0,0,0,12:18:36
1B1,0,0,12:18:39
1B2,0,0,12:18:42
1B4,0,0,12:18:44
1B5,0,0,12:18:47
1B6,0,0,12:18:50
1B7,0,0,12:18:53
1B8,0,0,12:18:55
1B9,0,0,12:18:58
1BA,0,0,12:19:01
1BB,0,0,12:19:04
1BC,0,0,12:19:07
1BD,0,0,12:19:09
1BE,0,0,12:19:12
1BF,0,0,12:19:15
1C0,0,0,12:19:18
1C1,0,0,12:19:21
1C2,0,0,12:19:23
1C3,0,0,12:19:26
1C4,0,0,12:19:29
1C5,0,0,12:19:32
1C6,0,0,12:19:35
1C7,0,0,12:19:37
1C8,0,0,12:19:40
1C9,0,0,12:19:43
1CA,0,0,12:19:46
1CB,0,0,12:19:49
1CC,0,0,12:19:51
1CD,0,0,12:19:54
1CE,0,0,12:19:57
1CF,0,0,12:20:00
1D0,0,0,12:20:02
1D1,0,0,12:20:05
1D2,0,0,12:20:08
1D3,0,0,12:20:11
1D4,0,0,12:20:14
1D5,0,0,12:20:17
1D6,0,0,12:20:19
1D7,0,0,12:20:22
1D8,0,0,12:20:25
1D9,0,0,12:20:28
1DA,0,0,12:20:31
1DB,0,0,12:20:33
1DC,0,0,12:20:36
1DD,0,0,12:20:39
1DE,0,0,12:20:42
1DF,0,0,12:20:44
1E0,0,0,12:20:47
1E1,0,0,12:20:50
1E2,0,0,12:20:53
1E3,0,0,12:20:56
1E4,0,0,12:20:58
1E5,0,0,12:21:01
1E6,0,0,12:21:04
1E7,0,0,12:21:07
1E8,0,0,12:21:10
1E9,0,0,12:21:12
1EA,0,0,12:21:15
1EB,0,0,12:21:18
1EC,0,0,12:21:21
1ED,0,0,12:21:24
1EF,0,0,12:21:26
1F0,0,0,12:21:29
1F1,0,0,12:21:32
1F2,0,0,12:21:35
1F3,0,0,12:21:37
1F4,0,0,12:21:40
1F5,0,0,12:21:43
1F7,0,0,12:21:46
1F8,0,0,12:21:49
1F9,0,0,12:21:51
1FA,0,0,12:21:54
1FB,0,0,12:21:57
1FC,0,0,12:22:00
1FD,0,0,12:22:02
1FE,0,0,12:22:05
1FF,0,0,12:22:08
200,0,0,12:22:11
201,0,0,12:22:14
203,0,0,12:22:17
204,0,0,12:22:19
206,0,0,12:22:22
207,0,0,12:22:25
208,0,0,12:22:28
209,0,0,12:22:30
20A,0,0,12:22:33
20B,0,0,12:22:36
20C,0,0,12:22:39
20D,0,0,12:22:42
20E,0,0,12:22:44
20F,0,0,12:22:47
210,0,0,12:22:50
211,0,0,12:22:53
212,0,0,12:22:56
213,0,0,12:22:58
214,0,0,12:23:01
215,0,0,12:23:04
216,0,0,12:23:07
217,0,0,12:23:10
218,0,0,12:23:12
219,0,0,12:23:15
21B,0,0,12:23:18
21C,0,0,12:23:21
21D,0,0,12:23:24
21E,0,0,12:23:27
21F,0,0,12:23:30
220,0,0,12:23:32
221,0,0,12:23:35
222,0,0,12:23:38
223,0,0,12:23:41
224,0,0,12:23:43
225,0,0,12:23:46
226,0,0,12:23:49
227,0,0,12:23:52
228,0,0,12:23:55
229,0,0,12:23:57
22A,0,0,12:24:00
22B,0,0,12:24:03
22C,0,0,12:24:06
22D,0,0,12:24:08
22E,0,0,12:24:11
22F,0,0,12:24:14
230,0,0,12:24:17
231,0,0,12:24:20
232,0,0,12:24:22
233,0,0,12:24:25
234,0,0,12:24:28
235,0,0,12:24:31
236,0,0,12:24:34
237,0,0,12:24:37
238,0,0,12:24:39
239,0,0,12:24:42
23A,0,0,12:24:45
23B,0,0,12:24:48
23C,0,0,12:24:51
23D,0,0,12:24:53
23E,0,0,12:24:56
23F,0,0,12:24:59
240,0,0,12:25:02
241,0,0,12:25:04
242,0,0,12:25:07
243,0,0,12:25:10
244,0,0,12:25:13
245,0,0,12:25:16
246,0,0,12:25:18
247,0,0,12:25:21
248,0,0,12:25:24
249,0,0,12:25:27
24A,0,0,12:25:30
24B,0,0,12:25:32
24C,0,0,12:25:35
24D,0,0,12:25:38
24E,0,0,12:25:41
24F,0,0,12:25:43
250,0,0,12:25:46
251,0,0,12:25:49
252,0,0,12:25:52
253,0,0,12:25:54
254,0,0,12:25:57
255,0,0,12:26:00
256,0,0,12:26:03
257,0,0,12:26:06
258,0,0,12:26:08
259,0,0,12:26:11
25A,0,0,12:26:14
25B,0,0,12:26:17
25C,0,0,12:26:20
25D,0,0,12:26:22
25E,0,0,12:26:25
25F,0,0,12:26:28
260,0,0,12:26:31
261,0,0,12:26:33
262,0,0,12:26:36
263,0,0,12:26:39
264,0,0,12:26:42
265,0,0,12:26:45
266,0,0,12:26:47
267,0,0,12:26:50
268,0,0,12:26:53
269,0,0,12:26:56
26A,0,0,12:26:59
26B,0,0,12:27:01
26C,0,0,12:27:04
26D,0,0,12:27:07
26E,0,0,12:27:10
26F,0,0,12:27:13
270,0,0,12:27:15
271,0,0,12:27:18
272,0,0,12:27:21
273,0,0,12:27:24
274,0,0,12:27:27
275,0,0,12:27:29
276,0,0,12:27:32
277,0,0,12:27:35
278,0,0,12:27:38
279,0,0,12:27:41
27A,0,0,12:27:43
27B,0,0,12:27:46
27C,0,0,12:27:49
27D,0,0,12:27:52
27E,0,0,12:27:54
27F,0,0,12:27:57
280,0,0,12:28:00
281,0,0,12:28:03
282,0,0,12:28:06
283,0,0,12:28:08
284,0,0,12:28:11
285,0,0,12:28:14
286,0,0,12:28:17
287,0,0,12:28:19
288,0,0,12:28:22
28A,0,0,12:28:25
28B,0,0,12:28:28
28C,0,0,12:28:31
28D,0,0,12:28:33
28E,0,0,12:28:36
28F,0,0,12:28:39
290,0,0,12:28:42
292,0,0,12:28:45
293,0,0,12:28:47
294,0,0,12:28:50
295,0,0,12:28:53
296,0,0,12:28:56
298,0,0,12:28:58
299,0,0,12:29:01
29A,0,0,12:29:04
29B,0,0,12:29:07
29C,0,0,12:29:10
29D,0,0,12:29:12
29E,0,0,12:29:15
29F,0,0,12:29:18
2A0,0,0,12:29:21
2A1,0,0,12:29:23
2A2,0,0,12:29:26
2A3,0,0,12:29:29
2A4,0,0,12:29:32
2A5,0,0,12:29:35
2A6,0,0,12:29:37
2A8,0,0,12:29:40
2A9,0,0,12:29:43
2AA,0,0,12:29:46
2AB,0,0,12:29:49
2AC,0,0,12:29:51
2AD,0,0,12:29:54
2AE,0,0,12:29:57
2AF,0,0,12:30:00
2B0,0,0,12:30:03
2B1,0,0,12:30:05
2B2,0,0,12:30:08
2B3,0,0,12:30:11
2B4,0,0,12:30:14
2B5,0,0,12:30:17
2B6,0,0,12:30:19
2B7,0,0,12:30:22
2B8,0,0,12:30:25
2B9,0,0,12:30:28
2BA,0,0,12:30:30
2BC,0,0,12:30:33
2BD,0,0,12:30:36
2BE,0,0,12:30:39
2BF,0,0,12:30:41
2C0,0,0,12:30:44
2C1,0,0,12:30:47
2C2,0,0,12:30:50
2C6,0,0,12:30:53
2C7,0,0,12:30:55
2C8,0,0,12:30:58
2C9,0,0,12:31:01
2CB,0,0,12:31:04
2CC,0,0,12:31:07
2CD,0,0,12:31:09
2CE,0,0,12:31:12
2CF,0,0,12:31:15
2D0,0,0,12:31:18
2D1,0,0,12:31:21
2D2,0,0,12:31:23
2D3,0,0,12:31:26
2D4,0,0,12:31:29
2D5,0,0,12:31:32
2D6,0,0,12:31:34
2D7,0,0,12:31:37
2D8,0,0,12:31:40
2D9,0,0,12:31:43
2DA,0,0,12:31:46
2DB,0,0,12:31:48
2DC,0,0,12:31:51
2DD,0,0,12:31:54
2DE,0,0,12:31:57
2DF,0,0,12:32:00
2E0,0,0,12:32:02
2E1,0,0,12:32:05
2E2,0,0,12:32:08
2E3,0,0,12:32:11
2E4,0,0,12:32:14
2E5,0,0,12:32:16
2E6,0,0,12:32:19
2E7,0,0,12:32:22
2E8,0,0,12:32:25
2E9,0,0,12:32:28
2EA,0,0,12:32:31
2EB,0,0,12:32:33
2EC,0,0,12:32:36
2ED,0,0,12:32:39
2EE,0,0,12:32:42
2EF,0,0,12:32:45
2F0,0,0,12:32:47
2F1,0,0,12:32:50
2F2,0,0,12:32:53
2F3,0,0,12:32:56
2F4,0,0,12:32:59
2F5,0,0,12:33:01
2F6,0,0,12:33:04
2F8,0,0,12:33:07
2F9,0,0,12:33:10
2FA,0,0,12:33:13
2FB,0,0,12:33:15
2FC,0,0,12:33:18
2FD,0,0,12:33:21
2FE,0,0,12:33:24
2FF,0,0,12:33:27
300,0,0,12:33:29
301,0,0,12:33:32
302,0,0,12:33:35
303,0,0,12:33:38
304,0,0,12:33:41
305,0,0,12:33:43
306,0,0,12:33:46
307,0,0,12:33:49
308,0,0,12:33:52
309,0,0,12:33:55
30A,0,0,12:33:57
30B,0,0,12:34:00
30C,0,0,12:34:03
30D,0,0,12:34:06
30E,0,0,12:34:08
30F,0,0,12:34:11
310,0,0,12:34:14
311,0,0,12:34:17
312,0,0,12:34:20
313,0,0,12:34:22
314,0,0,12:34:25
315,0,0,12:34:28
316,0,0,12:34:31
317,0,0,12:34:34
318,0,0,12:34:36
319,0,0,12:34:39
31A,0,0,12:34:42
31B,0,0,12:34:45
31C,0,0,12:34:48
31D,0,0,12:34:50
31E,0,0,12:34:53
31F,0,0,12:34:56
320,0,0,12:34:59
321,0,0,12:35:01
322,0,0,12:35:04
323,0,0,12:35:07
324,0,0,12:35:10
325,0,0,12:35:13
326,0,0,12:35:15
327,0,0,12:35:18
329,0,0,12:35:21
32A,0,0,12:35:24
32B,0,0,12:35:27
32C,0,0,12:35:29
32D,0,0,12:35:32
32E,0,0,12:35:35
32F,0,0,12:35:38
331,0,0,12:35:41
332,0,0,12:35:43
333,0,0,12:35:46
334,0,0,12:35:49
335,0,0,12:35:52
337,0,0,12:35:55
339,0,0,12:35:57
33A,0,0,12:36:00
33B,0,0,12:36:03
33C,0,0,12:36:06
33D,0,0,12:36:09
33E,0,0,12:36:11
33F,0,0,12:36:14
340,0,0,12:36:17
341,0,0,12:36:20
342,0,0,12:36:23
343,0,0,12:36:25
344,0,0,12:36:28
345,0,0,12:36:31
346,0,0,12:36:34
347,0,0,12:36:37
348,0,0,12:36:39
34A,0,0,12:36:42
34B,0,0,12:36:45
34C,0,0,12:36:48
34D,0,0,12:36:51
34E,0,0,12:36:53
350,0,0,12:36:56
351,0,0,12:36:59
352,0,0,12:37:02
353,0,0,12:37:04
354,0,0,12:37:07
355,0,0,12:37:10
356,0,0,12:37:13
357,0,0,12:37:16
358,0,0,12:37:18
359,0,0,12:37:21
35A,5139,1,12:37:24
35B,0,0,12:37:27
35D,0,0,12:37:30
35E,0,0,12:37:32
35F,0,0,12:37:35
360,0,0,12:37:38
361,0,0,12:37:41
363,0,0,12:37:44
364,0,0,12:37:47
365,0,0,12:37:49
366,0,0,12:37:52
369,0,0,12:37:55
36A,0,0,12:37:58
36B,0,0,12:38:00
36C,0,0,12:38:03
36D,0,0,12:38:06
36F,0,0,12:38:09
370,0,0,12:38:12
371,0,0,12:38:14
372,0,0,12:38:17
373,0,0,12:38:20
374,0,0,12:38:23
375,0,0,12:38:25
376,0,0,12:38:28
377,0,0,12:38:31
378,0,0,12:38:34
379,0,0,12:38:37
37A,0,0,12:38:39
37B,0,0,12:38:42
37C,0,0,12:38:45
37D,0,0,12:38:48
37E,0,0,12:38:50
37F,0,0,12:38:53
380,0,0,12:38:56
381,0,0,12:38:59
382,0,0,12:39:02
383,0,0,12:39:04
384,0,0,12:39:07
385,0,0,12:39:10
386,0,0,12:39:13
387,0,0,12:39:15
388,0,0,12:39:18
389,0,0,12:39:21
38A,0,0,12:39:24
38B,0,0,12:39:27
38C,0,0,12:39:29
38D,0,0,12:39:32
38E,0,0,12:39:35
38F,0,0,12:39:38
390,0,0,12:39:41
391,0,0,12:39:43
392,0,0,12:39:46
394,0,0,12:39:49
395,0,0,12:39:52
396,0,0,12:39:55
397,0,0,12:39:57
398,0,0,12:40:00
399,0,0,12:40:03
39A,0,0,12:40:06
39B,0,0,12:40:08
39C,0,0,12:40:11
39D,0,0,12:40:14
39F,0,0,12:40:17
3A0,0,0,12:40:20
3A1,0,0,12:40:22
3A2,0,0,12:40:25
3A3,0,0,12:40:28
3A4,0,0,12:40:31
3A5,0,0,12:40:33
3A6,0,0,12:40:36
3A8,0,0,12:40:39
3A9,0,0,12:40:42
3AA,0,0,12:40:45
3AB,0,0,12:40:47
3AC,0,0,12:40:50
3AD,0,0,12:40:53
3AE,0,0,12:40:56
3AF,1213,1,12:40:59
3B0,0,0,12:41:02
3B1,0,0,12:41:04
3B2,0,0,12:41:07
3B3,0,0,12:41:10
3B4,0,0,12:41:13
3B5,0,0,12:41:15
3B6,0,0,12:41:18
3B7,0,0,12:41:21
3B8,0,0,12:41:24
3B9,0,0,12:41:27
3BA,0,0,12:41:29
3BB,0,0,12:41:32
3BC,0,0,12:41:35
3BD,0,0,12:41:38
3BE,0,0,12:41:41
3BF,0,0,12:41:43
3C0,0,0,12:41:46
3C1,0,0,12:41:49
3C2,0,0,12:41:52
3C3,0,0,12:41:54
3C4,0,0,12:41:57
3C5,0,0,12:42:00
3C6,0,0,12:42:03
3C7,0,0,12:42:06
3C8,0,0,12:42:08
3C9,0,0,12:42:11
3CA,0,0,12:42:14
3CB,0,0,12:42:17
3CC,0,0,12:42:19
3CD,0,0,12:42:22
3CE,0,0,12:42:25
3CF,0,0,12:42:28
3D0,0,0,12:42:31
3D1,0,0,12:42:33
3D2,0,0,12:42:36
3D3,0,0,12:42:39
3D4,0,0,12:42:42
3D5,0,0,12:42:44
3D6,0,0,12:42:47
3D7,0,0,12:42:50
3D8,0,0,12:42:53
3D9,0,0,12:42:56
3DA,0,0,12:42:58
3DB,0,0,12:43:01
3DC,0,0,12:43:04
3DD,0,0,12:43:07
3DE,0,0,12:43:10
3DF,0,0,12:43:12
3E0,0,0,12:43:15
3E1,0,0,12:43:18
3E2,0,0,12:43:21
3E3,0,0,12:43:24
3E4,0,0,12:43:26
3E5,0,0,12:43:29
3E6,0,0,12:43:32
3E7,0,0,12:43:35
3E8,0,0,12:43:37
3E9,0,0,12:43:40
3EA,0,0,12:43:43
3EB,0,0,12:43:46
3EC,0,0,12:43:49
3ED,0,0,12:43:51
3EE,0,0,12:43:54
3EF,0,0,12:43:57
3F0,0,0,12:44:00
3F1,0,0,12:44:03
3F2,0,0,12:44:05
3F3,0,0,12:44:08
3F4,0,0,12:44:11
3F5,0,0,12:44:14
3F6,0,0,12:44:17
3F7,0,0,12:44:19
3F8,0,0,12:44:22
3FA,0,0,12:44:25
3FB,0,0,12:44:28
3FC,0,0,12:44:30
3FE,0,0,12:44:33
3FF,0,0,12:44:36
400,0,0,12:44:39
401,0,0,12:44:42
402,0,0,12:44:44
403,0,0,12:44:47
404,0,0,12:44:50
405,0,0,12:44:53
406,0,0,12:44:56
407,0,0,12:44:58
408,0,0,12:45:01
409,0,0,12:45:04
40A,0,0,12:45:07
40B,0,0,12:45:10
40C,0,0,12:45:12
40D,0,0,12:45:15
40E,0,0,12:45:18
40F,0,0,12:45:21
410,0,0,12:45:24
411,0,0,12:45:26
412,0,0,12:45:29
413,0,0,12:45:32
414,0,0,12:45:35
415,0,0,12:45:38
416,0,0,12:45:40
417,0,0,12:45:43
418,0,0,12:45:46
419,0,0,12:45:49
41A,0,0,12:45:51
41B,0,0,12:45:54
41C,0,0,12:45:57
41D,0,0,12:46:00
41E,0,0,12:46:03
41F,0,0,12:46:05
420,0,0,12:46:08
421,0,0,12:46:11
422,0,0,12:46:14
423,0,0,12:46:16
424,0,0,12:46:19
425,0,0,12:46:22
426,0,0,12:46:25
427,0,0,12:46:28
428,0,0,12:46:31
429,0,0,12:46:33
42A,0,0,12:46:36
42B,0,0,12:46:39
42C,0,0,12:46:42
42D,0,0,12:46:45
42E,0,0,12:46:47
42F,0,0,12:46:50
430,0,0,12:46:53
431,0,0,12:46:56
432,0,0,12:46:58
433,0,0,12:47:01
434,0,0,12:47:04
435,0,0,12:47:07
436,0,0,12:47:10
437,0,0,12:47:12
438,0,0,12:47:15
439,0,0,12:47:18
43A,0,0,12:47:21
43B,0,0,12:47:24
43C,0,0,12:47:26
43D,0,0,12:47:29
43E,0,0,12:47:32
43F,0,0,12:47:35
440,0,0,12:47:38
441,0,0,12:47:40
442,0,0,12:47:43
443,0,0,12:47:46
444,0,0,12:47:49
445,0,0,12:47:51
446,0,0,12:47:54
447,0,0,12:47:57
448,0,0,12:48:00
449,0,0,12:48:03
44A,0,0,12:48:05
44B,0,0,12:48:08
44C,0,0,12:48:11
44D,0,0,12:48:14
44E,0,0,12:48:17
44F,0,0,12:48:19
450,0,0,12:48:22
451,0,0,12:48:25
452,0,0,12:48:28
453,0,0,12:48:31
454,0,0,12:48:33
455,0,0,12:48:36
456,0,0,12:48:39
457,0,0,12:48:42
458,0,0,12:48:44
459,0,0,12:48:47
45A,0,0,12:48:50
45B,0,0,12:48:53
45C,0,0,12:48:56
45D,0,0,12:48:58
45E,0,0,12:49:01
45F,0,0,12:49:04
460,0,0,12:49:07
461,0,0,12:49:09
462,0,0,12:49:12
463,0,0,12:49:15
464,0,0,12:49:18
465,0,0,12:49:21
466,0,0,12:49:23
467,0,0,12:49:26
468,0,0,12:49:29
469,0,0,12:49:32
46A,0,0,12:49:34
46B,0,0,12:49:37
46C,0,0,12:49:40
46D,0,0,12:49:43
46E,0,0,12:49:46
46F,0,0,12:49:48
470,0,0,12:49:51
471,0,0,12:49:54
472,0,0,12:49:57
473,0,0,12:49:59
474,0,0,12:50:02
475,0,0,12:50:05
476,0,0,12:50:08
477,0,0,12:50:11
478,0,0,12:50:13
479,0,0,12:50:16
47A,0,0,12:50:19
47B,0,0,12:50:22
47C,0,0,12:50:24
47D,0,0,12:50:27
47E,0,0,12:50:30
47F,0,0,12:50:33
480,0,0,12:50:36
481,0,0,12:50:38
482,0,0,12:50:41
483,0,0,12:50:44
484,0,0,12:50:47
485,0,0,12:50:50
486,0,0,12:50:52
487,0,0,12:50:55
488,0,0,12:50:58
489,0,0,12:51:01
48A,0,0,12:51:04
48B,0,0,12:51:07
48C,0,0,12:51:09
48D,0,0,12:51:12
48E,0,0,12:51:15
48F,0,0,12:51:18
490,0,0,12:51:20
491,0,0,12:51:23
492,0,0,12:51:26
493,0,0,12:51:29
494,0,0,12:51:32
495,0,0,12:51:34
496,0,0,12:51:37
497,0,0,12:51:40
498,0,0,12:51:43
499,0,0,12:51:46
49A,0,0,12:51:48
49B,0,0,12:51:51
49C,0,0,12:51:54
49D,0,0,12:51:57
49E,0,0,12:51:59
49F,0,0,12:52:02
4A0,0,0,12:52:05
4A1,0,0,12:52:08
4A2,0,0,12:52:11
4A3,0,0,12:52:13
4A4,0,0,12:52:16
4A5,0,0,12:52:19
4A6,0,0,12:52:22
4A7,0,0,12:52:24
4A8,0,0,12:52:27
4A9,0,0,12:52:30
4AA,0,0,12:52:33
4AB,0,0,12:52:36
4AC,0,0,12:52:39
4AD,0,0,12:52:41
4AE,0,0,12:52:44
4AF,0,0,12:52:47
4B0,0,0,12:52:50
4B1,0,0,12:52:52
4B2,0,0,12:52:55
4B3,0,0,12:52:58
4B4,0,0,12:53:01
4B5,0,0,12:53:04
4B6,0,0,12:53:07
4B7,0,0,12:53:09
4B8,0,0,12:53:12
4B9,0,0,12:53:15
4BA,0,0,12:53:18
4BB,0,0,12:53:20
4BC,0,0,12:53:23
4BD,0,0,12:53:26
4BE,0,0,12:53:29
4BF,0,0,12:53:32
4C0,0,0,12:53:34
4C1,0,0,12:53:37
4C2,0,0,12:53:40
4C3,0,0,12:53:43
4C4,0,0,12:53:45
4C5,0,0,12:53:48
4C6,0,0,12:53:51
4C7,0,0,12:53:54
4C8,0,0,12:53:57
4C9,0,0,12:53:59
4CA,0,0,12:54:02
4CB,0,0,12:54:05
4CC,0,0,12:54:08
4CD,0,0,12:54:11
4CE,0,0,12:54:14
4CF,0,0,12:54:16
4D0,0,0,12:54:19
4D1,0,0,12:54:22
4D2,0,0,12:54:25
4D3,0,0,12:54:27
4D4,0,0,12:54:30
4D5,0,0,12:54:33
4D6,0,0,12:54:36
4D7,0,0,12:54:39
4D8,0,0,12:54:42
4D9,0,0,12:54:44
4DA,0,0,12:54:47
4DB,0,0,12:54:50
4DC,0,0,12:54:53
4DD,0,0,12:54:56
4DE,0,0,12:54:58
4DF,0,0,12:55:01
4E0,0,0,12:55:04
4E1,0,0,12:55:07
4E2,0,0,12:55:09
4E3,0,0,12:55:12
4E4,0,0,12:55:15
4E5,0,0,12:55:18
4E6,0,0,12:55:21
4E7,0,0,12:55:23
4E8,0,0,12:55:26
4E9,0,0,12:55:29
4EA,0,0,12:55:32
4EB,0,0,12:55:35
4EC,0,0,12:55:37
4ED,0,0,12:55:40
4EE,0,0,12:55:43
4EF,0,0,12:55:46
4F0,0,0,12:55:49
4F1,0,0,12:55:51
4F2,0,0,12:55:54
4F3,0,0,12:55:57
4F4,0,0,12:56:00
4F5,0,0,12:56:02
4F6,0,0,12:56:05
4F7,0,0,12:56:08
4F8,0,0,12:56:11
4F9,0,0,12:56:14
4FA,0,0,12:56:16
4FB,0,0,12:56:19
4FC,0,0,12:56:22
4FD,0,0,12:56:25
4FE,0,0,12:56:28
4FF,0,0,12:56:30
500,0,0,12:56:33
501,0,0,12:56:36
502,0,0,12:56:39
503,0,0,12:56:42
504,8,0,12:56:44
505,0,0,12:56:47
506,0,0,12:56:50
507,4759,1,12:57:14
508,0,0,12:57:16
509,0,0,12:57:19
50A,0,0,12:57:22
50B,0,0,12:57:25
50C,0,0,12:57:27
50D,0,0,12:57:30
50E,0,0,12:57:33
50F,0,0,12:57:36
510,0,0,12:57:39
511,0,0,12:57:42
512,0,0,12:57:44
513,0,0,12:57:47
514,0,0,12:57:50
515,0,0,12:57:53
516,0,0,12:57:55
517,0,0,12:57:58
518,0,0,12:58:01
519,0,0,12:58:04
51A,0,0,12:58:07
51B,0,0,12:58:09
51C,0,0,12:58:12
51D,0,0,12:58:15
51E,0,0,12:58:18
51F,0,0,12:58:20
520,0,0,12:58:23
521,0,0,12:58:26
522,0,0,12:58:29
523,0,0,12:58:32
524,0,0,12:58:34
525,0,0,12:58:37
526,0,0,12:58:40
527,0,0,12:58:43
528,0,0,12:58:46
529,0,0,12:58:49
52A,0,0,12:58:51
52B,0,0,12:58:54
52C,0,0,12:58:57
52D,0,0,12:59:00
52E,0,0,12:59:02
52F,0,0,12:59:05
530,0,0,12:59:08
531,0,0,12:59:11
532,0,0,12:59:14
533,0,0,12:59:16
534,0,0,12:59:19
535,0,0,12:59:22
536,0,0,12:59:25
537,0,0,12:59:28
538,0,0,12:59:30
539,0,0,12:59:33
53A,0,0,12:59:36
53B,0,0,12:59:39
53C,0,0,12:59:42
53D,0,0,12:59:44
53E,0,0,12:59:47
53F,0,0,12:59:50
540,0,0,12:59:53
541,0,0,12:59:56
542,0,0,12:59:58
543,0,0,13:00:01
544,0,0,13:00:04
545,0,0,13:00:07
546,0,0,13:00:10
547,0,0,13:00:12
548,0,0,13:00:15
549,0,0,13:00:18
54A,0,0,13:00:21
54B,0,0,13:00:24
54C,0,0,13:00:26
54D,0,0,13:00:29
54E,0,0,13:00:32
54F,0,0,13:00:35
550,0,0,13:00:37
551,0,0,13:00:40
552,0,0,13:00:43
553,0,0,13:00:46
554,0,0,13:00:49
555,0,0,13:00:51
556,0,0,13:00:54
557,0,0,13:00:57
558,0,0,13:01:00
559,0,0,13:01:02
55A,0,0,13:01:05
55B,0,0,13:01:08
55C,0,0,13:01:11
55D,0,0,13:01:14
55E,0,0,13:01:16
55F,0,0,13:01:19
561,0,0,13:01:22
562,0,0,13:01:25
563,0,0,13:01:28
564,0,0,13:01:30
565,0,0,13:01:33
566,0,0,13:01:36
567,0,0,13:01:39
568,0,0,13:01:42
569,0,0,13:01:44
56A,0,0,13:01:47
56B,0,0,13:01:50
56C,0,0,13:01:53
56D,0,0,13:01:56
56E,0,0,13:01:58
56F,0,0,13:02:01
570,0,0,13:02:04
571,0,0,13:02:07
572,0,0,13:02:10
573,0,0,13:02:12
574,0,0,13:02:15
575,0,0,13:02:18
576,0,0,13:02:21
577,0,0,13:02:24
578,0,0,13:02:26
579,0,0,13:02:29
57A,0,0,13:02:32
57B,0,0,13:02:35
57C,0,0,13:02:37
57D,0,0,13:02:40
57E,0,0,13:02:43
57F,0,0,13:02:46
580,0,0,13:02:49
581,0,0,13:02:51
582,0,0,13:02:54
583,0,0,13:02:57
584,0,0,13:03:00
585,0,0,13:03:03
586,0,0,13:03:06
587,0,0,13:03:08
588,0,0,13:03:11
589,0,0,13:03:14
58A,0,0,13:03:17
58B,0,0,13:03:20
58C,0,0,13:03:22
58D,0,0,13:03:25
58E,0,0,13:03:28
58F,0,0,13:03:31
590,0,0,13:03:34
591,0,0,13:03:36
592,0,0,13:03:39
593,0,0,13:03:42
594,0,0,13:03:45
595,0,0,13:03:47
596,0,0,13:03:50
597,0,0,13:03:53
598,0,0,13:03:56
599,0,0,13:03:59
59A,0,0,13:04:01
59B,0,0,13:04:04
59C,0,0,13:04:07
59D,0,0,13:04:10
59E,0,0,13:04:13
59F,0,0,13:04:15
5A0,0,0,13:04:18
5A1,0,0,13:04:21
5A2,0,0,13:04:24
5A3,0,0,13:04:26
5A4,0,0,13:04:29
5A5,0,0,13:04:32
5A6,0,0,13:04:35
5A7,0,0,13:04:38
5A8,0,0,13:04:40
5A9,0,0,13:04:43
5AA,0,0,13:04:46
5AB,0,0,13:04:49
5AC,0,0,13:04:51
5AD,0,0,13:04:54
5AE,0,0,13:04:57
5AF,0,0,13:05:00
5B0,0,0,13:05:03
5B1,0,0,13:05:05
5B2,0,0,13:05:08
5B3,0,0,13:05:11
5B4,0,0,13:05:14
5B5,0,0,13:05:16
5B6,0,0,13:05:19
5B7,0,0,13:05:22
5B8,0,0,13:05:25
5B9,0,0,13:05:28
5BA,0,0,13:05:30
5BB,0,0,13:05:33
5BC,0,0,13:05:36
5BD,0,0,13:05:39
5BE,0,0,13:05:42
5BF,0,0,13:05:44
5C1,0,0,13:05:47
5C2,0,0,13:05:50
5C3,0,0,13:05:53
5C4,0,0,13:05:55
5C5,0,0,13:05:58
5C6,0,0,13:06:01
5C7,0,0,13:06:04
5C8,0,0,13:06:07
5C9,0,0,13:06:09
5CA,0,0,13:06:12
5CB,0,0,13:06:15
5CC,0,0,13:06:18
5CD,0,0,13:06:20
5CE,0,0,13:06:23
5CF,0,0,13:06:26
5D0,0,0,13:06:29
5D1,0,0,13:06:32
5D2,0,0,13:06:34
5D3,0,0,13:06:37
5D4,0,0,13:06:40
5D5,0,0,13:06:43
5D6,0,0,13:06:45
5D7,0,0,13:06:48
5D8,0,0,13:06:51
5D9,0,0,13:06:54
5DA,0,0,13:06:57
5DB,0,0,13:06:59
5DC,0,0,13:07:02
5DD,0,0,13:07:05
5DE,0,0,13:07:08
5DF,0,0,13:07:10
5E1,0,0,13:07:13
5E2,0,0,13:07:16
5E3,0,0,13:07:19
5E4,0,0,13:07:22
5E5,0,0,13:07:24
5E6,0,0,13:07:27
5E7,0,0,13:07:30
5E8,0,0,13:07:33
5E9,0,0,13:07:35
5EA,0,0,13:07:38
5EB,0,0,13:07:41
5EC,0,0,13:07:44
5ED,0,0,13:07:47
5EE,0,0,13:07:49
5EF,0,0,13:07:52
5F0,0,0,13:07:55
5F1,0,0,13:07:58
5F2,0,0,13:08:00
5F3,0,0,13:08:03
5F4,0,0,13:08:06
5F5,0,0,13:08:09
5F6,0,0,13:08:12
5F7,0,0,13:08:14
5F8,0,0,13:08:17
5F9,0,0,13:08:20
5FA,0,0,13:08:23
5FB,0,0,13:08:25
5FC,0,0,13:08:28
5FD,0,0,13:08:31
5FE,0,0,13:08:34
5FF,0,0,13:08:37
