016,0,14,0,13:22:05
016,1,0,0,13:22:08
016,2,0,0,13:22:10
017,0,0,0,13:22:13
017,1,14,0,13:22:16
017,2,15,0,13:22:19
018,0,18,0,13:22:22
018,1,0,0,13:22:24
018,2,16,0,13:22:27
019,0,19,0,13:22:30
019,1,0,0,13:22:33
019,2,14,0,13:22:36
01A,0,0,0,13:22:38
01A,1,12,0,13:22:41
01A,2,5,0,13:22:44
01B,0,19,0,13:22:47
01B,1,4,0,13:22:50
01B,2,18,0,13:22:52
01C,0,0,0,13:22:55
01C,1,19,0,13:22:58
01C,2,0,0,13:23:01
01D,0,0,0,13:23:04
01D,1,2,0,13:23:06
01D,2,3,0,13:23:09
01E,0,0,0,13:23:12
01E,1,0,0,13:23:15
01E,2,1,0,13:23:18
01F,0,0,0,13:23:20
01F,1,0,0,13:23:23
01F,2,0,0,13:23:26
020,0,0,0,13:23:29
020,1,0,0,13:23:32
020,2,21,0,13:23:34
021,0,0,0,13:23:37
021,1,0,0,13:23:40
021,2,16,0,13:23:43
022,0,0,0,13:23:46
022,1,9,0,13:23:48
022,2,0,0,13:23:51
023,0,20,0,13:23:54
023,1,0,0,13:23:57
023,2,0,0,13:24:00
024,0,20,0,13:24:02
024,1,13,0,13:24:05
024,2,0,0,13:24:08
025,0,0,0,13:24:11
025,1,0,0,13:24:14
025,2,0,0,13:24:17
026,0,14,0,13:24:19
026,1,1,0,13:24:22
026,2,22,0,13:24:25
027,0,21,0,13:24:28
027,1,0,0,13:24:30
027,2,14,0,13:24:33
028,0,14,0,13:24:36
028,1,22,0,13:24:39
028,2,20,0,13:24:42
029,0,0,0,13:24:44
029,1,20,0,13:24:47
029,2,15,0,13:24:50
02A,0,4,0,13:24:53
02A,1,14,0,13:24:56
02A,2,0,0,13:24:58
02B,0,0,0,13:25:01
02B,1,15,0,13:25:04
02B,2,0,0,13:25:07
02C,0,13,0,13:25:10
02C,1,0,0,13:25:12
02C,2,9,0,13:25:15
02D,0,0,0,13:25:18
02D,1,0,0,13:25:21
02D,2,0,0,13:25:24
02E,0,19,0,13:25:26
02E,1,19,0,13:25:29
02E,2,0,0,13:25:32
02F,0,10,0,13:25:35
02F,1,16,0,13:25:38
02F,2,0,0,13:25:40
030,0,0,0,13:25:43
030,1,15,0,13:25:46
030,2,15,0,13:25:49
031,0,0,0,13:25:52
031,1,14,0,13:25:54
031,2,20,0,13:25:57
032,0,3,0,13:26:00
032,1,19,0,13:26:03
032,2,22,0,13:26:05
033,0,11,0,13:26:08
033,1,0,0,13:26:11
033,2,20,0,13:26:14
034,0,0,0,13:26:17
034,1,4,0,13:26:20
034,2,14,0,13:26:22
035,0,0,0,13:26:25
035,1,0,0,13:26:28
035,2,0,0,13:26:31
036,0,6,0,13:26:34
036,1,0,0,13:26:36
036,2,11,0,13:26:39
037,0,0,0,13:26:42
037,1,7,0,13:26:45
037,2,0,0,13:26:48
038,0,0,0,13:26:50
038,1,0,0,13:26:53
038,2,0,0,13:26:56
039,0,0,0,13:26:59
039,1,0,0,13:27:01
039,2,16,0,13:27:04
03A,0,19,0,13:27:07
03A,1,0,0,13:27:10
03A,2,3,0,13:27:13
03B,0,20,0,13:27:15
03B,1,0,0,13:27:18
03B,2,1,0,13:27:21
03C,0,0,0,13:27:24
03C,1,0,0,13:27:27
03C,2,8,0,13:27:29
03D,0,0,0,13:27:32
03D,1,4,0,13:27:35
03D,2,14,0,13:27:38
03E,0,5,0,13:27:41
03E,1,0,0,13:27:44
03E,2,7,0,13:27:46
03F,0,11,0,13:27:49
03F,1,2,0,13:27:52
03F,2,15,0,13:27:55
040,0,23,0,13:27:58
040,1,2,0,13:28:00
040,2,10,0,13:28:03
041,0,16,0,13:28:06
041,1,20,0,13:28:09
041,2,0,0,13:28:12
042,0,3,0,13:28:14
042,1,0,0,13:28:17
042,2,15,0,13:28:20
043,0,0,0,13:28:23
043,1,18,0,13:28:26
043,2,3,0,13:28:28
044,0,9,0,13:28:31
044,1,0,0,13:28:34
044,2,0,0,13:28:37
045,0,0,0,13:28:40
045,1,0,0,13:28:42
045,2,1,0,13:28:45
046,0,22,0,13:28:48
046,1,4,0,13:28:51
046,2,0,0,13:28:54
047,0,0,0,13:28:56
047,1,0,0,13:28:59
047,2,20,0,13:29:02
048,0,0,0,13:29:05
048,1,1,0,13:29:08
048,2,17,0,13:29:10
049,0,5,0,13:29:13
049,1,21,0,13:29:16
049,2,0,0,13:29:19
04A,0,17,0,13:29:21
04A,1,0,0,13:29:24
04A,2,0,0,13:29:27
04B,0,0,0,13:29:30
04B,1,21,0,13:29:33
04B,2,38,0,13:29:35
04C,0,0,0,13:29:38
04C,1,19,0,13:29:41
04C,2,20,0,13:29:44
04D,0,14,0,13:29:47
04D,1,14,0,13:29:49
04D,2,3,0,13:29:52
04E,0,18,0,13:29:55
04E,1,0,0,13:29:58
04E,2,22,0,13:30:00
04F,0,5,0,13:30:03
04F,1,9,0,13:30:06
04F,2,13,0,13:30:09
050,0,0,0,13:30:12
050,1,17,0,13:30:14
050,2,14,0,13:30:17
051,0,13,0,13:30:20
051,1,0,0,13:30:23
051,2,8,0,13:30:26
052,0,11,0,13:30:28
052,1,2,0,13:30:31
052,2,0,0,13:30:34
053,0,6,0,13:30:37
053,1,0,0,13:30:40
053,2,0,0,13:30:43
054,0,13,0,13:30:45
054,1,13,0,13:30:48
054,2,21,0,13:30:51
055,0,0,0,13:30:54
055,1,0,0,13:30:57
055,2,0,0,13:30:59
056,0,0,0,13:31:02
056,1,14,0,13:31:05
056,2,1,0,13:31:08
057,0,2,0,13:31:10
057,1,9,0,13:31:13
057,2,8,0,13:31:16
058,0,23,0,13:31:19
058,1,0,0,13:31:22
058,2,0,0,13:31:24
059,0,17,0,13:31:27
059,1,20,0,13:31:30
059,2,13,0,13:31:33
05A,0,18,0,13:31:36
05A,1,21,0,13:31:39
05A,2,0,0,13:31:41
05B,0,22,0,13:31:44
05B,1,4,0,13:31:47
05B,2,19,0,13:31:50
05C,0,0,0,13:31:53
05C,1,0,0,13:31:55
05C,2,0,0,13:31:58
05D,0,19,0,13:32:01
05D,1,40,0,13:32:04
05D,2,0,0,13:32:06
05E,0,16,0,13:32:09
05E,1,0,0,13:32:12
05E,2,0,0,13:32:15
05F,0,18,0,13:32:18
05F,1,16,0,13:32:20
05F,2,0,0,13:32:23
060,0,8,0,13:32:26
060,1,0,0,13:32:29
060,2,0,0,13:32:32
061,0,0,0,13:32:34
061,1,0,0,13:32:37
061,2,25,0,13:32:40
062,0,20,0,13:32:43
062,1,0,0,13:32:46
062,2,0,0,13:32:48
063,0,15,0,13:32:51
063,1,0,0,13:32:54
063,2,0,0,13:32:57
064,0,0,0,13:33:00
064,1,11,0,13:33:02
064,2,5,0,13:33:05
065,0,21,0,13:33:08
065,1,0,0,13:33:11
065,2,0,0,13:33:14
066,0,0,0,13:33:16
066,1,3,0,13:33:19
066,2,22,0,13:33:22
067,0,2,0,13:33:25
067,1,0,0,13:33:27
067,2,5,0,13:33:30
068,0,1,0,13:33:33
068,1,9,0,13:33:36
068,2,5,0,13:33:39
069,0,13,0,13:33:42
069,1,26,0,13:33:44
069,2,1,0,13:33:47
06A,0,0,0,13:33:50
06A,1,18,0,13:33:53
06A,2,0,0,13:33:56
06B,0,15,0,13:33:58
06B,1,30,0,13:34:01
06B,2,0,0,13:34:04
06C,0,14,0,13:34:07
06C,1,13,0,13:34:10
06C,2,16,0,13:34:13
06D,0,15,0,13:34:15
06D,1,19,0,13:34:18
06D,2,15,0,13:34:21
06E,0,21,0,13:34:24
06E,1,16,0,13:34:26
06E,2,0,0,13:34:29
06F,0,0,0,13:34:32
06F,1,45,0,13:34:35
06F,2,2,0,13:34:38
070,0,0,0,13:34:40
070,1,0,0,13:34:43
070,2,18,0,13:34:46
071,0,24,0,13:34:49
071,1,16,0,13:34:52
071,2,15,0,13:34:54
072,0,18,0,13:34:57
072,1,16,0,13:35:00
072,2,1,0,13:35:03
073,0,0,0,13:35:06
073,1,0,0,13:35:08
073,2,19,0,13:35:11
074,0,23,0,13:35:14
074,1,2,0,13:35:17
074,2,42,0,13:35:20
075,0,20,0,13:35:22
075,1,22,0,13:35:25
075,2,5,0,13:35:28
076,0,18,0,13:35:31
076,1,21,0,13:35:34
076,2,18,0,13:35:37
077,0,9,0,13:35:39
077,1,29,0,13:35:42
077,2,26,0,13:35:45
078,0,0,0,13:35:48
078,1,0,0,13:35:50
078,2,1,0,13:35:53
079,0,0,0,13:35:56
079,1,17,0,13:35:59
079,2,21,0,13:36:02
07A,0,12,0,13:36:04
07A,1,0,0,13:36:07
07A,2,0,0,13:36:10
07B,0,0,0,13:36:13
07B,1,2,0,13:36:16
07B,2,18,0,13:36:18
07C,0,0,0,13:36:21
07C,1,0,0,13:36:24
07C,2,22,0,13:36:27
07D,0,0,0,13:36:30
07D,1,12,0,13:36:32
07D,2,18,0,13:36:35
07E,0,0,0,13:36:38
07E,1,23,0,13:36:41
07E,2,15,0,13:36:44
07F,0,0,0,13:36:46
07F,1,1,0,13:36:49
07F,2,22,0,13:36:52
080,0,0,0,13:36:55
080,1,14,0,13:36:58
080,2,0,0,13:37:00
081,0,15,0,13:37:03
081,1,3,0,13:37:06
081,2,0,0,13:37:09
082,0,21,0,13:37:12
082,1,0,0,13:37:14
082,2,0,0,13:37:17
083,0,25,0,13:37:20
083,1,18,0,13:37:23
083,2,0,0,13:37:26
084,0,0,0,13:37:28
084,1,17,0,13:37:31
084,2,18,0,13:37:34
085,0,11,0,13:37:37
085,1,0,0,13:37:40
085,2,0,0,13:37:42
086,0,27,0,13:37:45
086,1,29,0,13:37:48
086,2,0,0,13:37:51
087,0,11,0,13:37:54
087,1,2,0,13:37:56
087,2,17,0,13:37:59
088,0,0,0,13:38:02
088,1,15,0,13:38:05
088,2,5,0,13:38:08
089,0,5,0,13:38:10
089,1,17,0,13:38:13
089,2,19,0,13:38:16
08A,0,4,0,13:38:19
08A,1,20,0,13:38:22
08A,2,0,0,13:38:24
08B,0,0,0,13:38:27
08B,1,0,0,13:38:30
08B,2,0,0,13:38:33
08C,0,15,0,13:38:36
08C,1,24,0,13:38:38
08C,2,0,0,13:38:41
08D,0,5,0,13:38:44
08D,1,0,0,13:38:47
08D,2,19,0,13:38:49
08E,0,21,0,13:38:52
08E,1,0,0,13:38:55
08E,2,2,0,13:38:58
08F,0,22,0,13:39:01
08F,1,0,0,13:39:04
08F,2,0,0,13:39:06
090,0,0,0,13:39:09
090,1,14,0,13:39:12
090,2,19,0,13:39:15
091,0,5,0,13:39:18
091,1,0,0,13:39:20
091,2,10,0,13:39:23
092,0,0,0,13:39:26
092,1,4,0,13:39:29
092,2,4,0,13:39:32
093,0,16,0,13:39:34
093,1,22,0,13:39:37
093,2,0,0,13:39:40
094,0,0,0,13:39:43
094,1,1,0,13:39:46
094,2,6,0,13:39:48
095,0,25,0,13:39:51
095,1,10,0,13:39:54
095,2,0,0,13:39:57
096,0,21,0,13:40:00
096,1,16,0,13:40:02
096,2,0,0,13:40:05
097,0,0,0,13:40:08
097,1,14,0,13:40:11
097,2,1,0,13:40:14
098,0,7,0,13:40:17
098,1,22,0,13:40:19
098,2,0,0,13:40:22
099,0,4,0,13:40:25
099,1,12,0,13:40:28
099,2,0,0,13:40:31
09A,0,15,0,13:40:33
09A,1,6,0,13:40:36
09A,2,0,0,13:40:39
09B,0,0,0,13:40:42
09B,1,26,0,13:40:45
09B,2,21,0,13:40:47
09C,0,19,0,13:40:50
09C,1,30,0,13:40:53
09C,2,24,0,13:40:56
09D,0,12,0,13:40:59
09D,1,16,0,13:41:01
09D,2,8,0,13:41:04
09E,0,0,0,13:41:07
09E,1,13,0,13:41:10
09E,2,15,0,13:41:13
09F,0,0,0,13:41:15
09F,1,0,0,13:41:18
09F,2,0,0,13:41:21
0A0,0,19,0,13:41:24
0A0,1,8,0,13:41:26
0A0,2,15,0,13:41:29
0A1,0,17,0,13:41:32
0A1,1,9,0,13:41:35
0A1,2,18,0,13:41:38
0A2,0,13,0,13:41:40
0A2,1,33,0,13:41:43
0A2,2,13,0,13:41:46
0A3,0,4,0,13:41:49
0A3,1,18,0,13:41:52
0A3,2,23,0,13:41:54
0A4,0,0,0,13:41:57
0A4,1,0,0,13:42:00
0A4,2,12,0,13:42:03
0A5,0,16,0,13:42:05
0A5,1,0,0,13:42:08
0A5,2,0,0,13:42:11
0A6,0,0,0,13:42:14
0A6,1,17,0,13:42:17
0A6,2,16,0,13:42:19
0A7,0,13,0,13:42:22
0A7,1,27,0,13:42:25
0A7,2,0,0,13:42:28
0A8,0,0,0,13:42:31
0A8,1,13,0,13:42:33
0A8,2,12,0,13:42:36
0A9,0,0,0,13:42:39
0A9,1,27,0,13:42:42
0A9,2,32,0,13:42:44
0AA,0,0,0,13:42:47
0AA,1,10,0,13:42:50
0AA,2,12,0,13:42:53
0AB,0,0,0,13:42:56
0AB,1,6,0,13:42:58
0AB,2,16,0,13:43:01
0AC,0,5,0,13:43:04
0AC,1,13,0,13:43:07
0AC,2,18,0,13:43:10
0AD,0,14,0,13:43:12
0AD,1,0,0,13:43:15
0AD,2,21,0,13:43:18
0AE,0,27,0,13:43:21
0AE,1,15,0,13:43:24
0AE,2,25,0,13:43:26
0AF,0,30,0,13:43:29
0AF,1,0,0,13:43:32
0AF,2,0,0,13:43:35
0B0,0,0,0,13:43:37
0B0,1,0,0,13:43:40
0B0,2,22,0,13:43:43
0B1,0,28,0,13:43:46
0B1,1,16,0,13:43:49
0B1,2,0,0,13:43:51
0B2,0,9,0,13:43:54
0B2,1,29,0,13:43:57
0B2,2,0,0,13:44:00
0B3,0,46,0,13:44:03
0B3,1,28,0,13:44:05
0B3,2,17,0,13:44:08
0B4,0,8,0,13:44:11
0B4,1,20,0,13:44:14
0B4,2,20,0,13:44:17
0B5,0,23,0,13:44:20
0B5,1,13,0,13:44:22
0B5,2,2,0,13:44:25
0B6,0,0,0,13:44:28
0B6,1,0,0,13:44:31
0B6,2,0,0,13:44:33
0B7,0,0,0,13:44:36
0B7,1,3,0,13:44:39
0B7,2,21,0,13:44:42
0B8,0,3,0,13:44:45
0B8,1,17,0,13:44:47
0B8,2,14,0,13:44:50
0B9,0,24,0,13:44:53
0B9,1,0,0,13:44:56
0B9,2,0,0,13:44:59
0BA,0,13,0,13:45:01
0BA,1,0,0,13:45:04
0BA,2,4,0,13:45:07
0BB,0,2,0,13:45:10
0BB,1,28,0,13:45:12
0BB,2,0,0,13:45:15
0BC,0,25,0,13:45:18
0BC,1,0,0,13:45:21
0BC,2,22,0,13:45:24
0BD,0,20,0,13:45:26
0BD,1,14,0,13:45:29
0BD,2,15,0,13:45:32
0BE,0,0,0,13:45:35
0BE,1,9,0,13:45:38
0BE,2,0,0,13:45:40
0BF,0,13,0,13:45:43
0BF,1,0,0,13:45:46
0BF,2,3,0,13:45:49
0C0,0,12,0,13:45:51
0C0,1,0,0,13:45:54
0C0,2,3,0,13:45:57
0C1,0,0,0,13:46:00
0C1,1,0,0,13:46:03
0C1,2,4,0,13:46:06
0C2,0,0,0,13:46:08
0C2,1,0,0,13:46:11
0C2,2,23,0,13:46:14
0C3,0,21,0,13:46:17
0C3,1,4,0,13:46:19
0C3,2,0,0,13:46:22
0C4,0,2,0,13:46:25
0C4,1,17,0,13:46:28
0C4,2,12,0,13:46:31
0C5,0,16,0,13:46:33
0C5,1,0,0,13:46:36
0C5,2,33,0,13:46:39
0C6,0,9,0,13:46:42
0C6,1,0,0,13:46:45
0C6,2,0,0,13:46:47
0C7,0,19,0,13:46:50
0C7,1,0,0,13:46:53
0C7,2,23,0,13:46:56
0C8,0,0,0,13:46:59
0C8,1,23,0,13:47:01
0C8,2,18,0,13:47:04
0C9,0,2,0,13:47:07
0C9,1,17,0,13:47:10
0C9,2,21,0,13:47:13
0CA,0,0,0,13:47:15
0CA,1,0,0,13:47:18
0CA,2,17,0,13:47:21
0CB,0,37,0,13:47:24
0CB,1,18,0,13:47:26
0CB,2,9,0,13:47:29
0CC,0,0,0,13:47:32
0CC,1,19,0,13:47:35
0CC,2,0,0,13:47:38
0CD,0,19,0,13:47:40
0CD,1,17,0,13:47:43
0CD,2,0,0,13:47:46
0CE,0,0,0,13:47:49
0CE,1,0,0,13:47:52
0CE,2,0,0,13:47:54
0CF,0,0,0,13:47:57
0CF,1,0,0,13:48:00
0CF,2,0,0,13:48:03
0D0,0,0,0,13:48:05
0D0,1,14,0,13:48:08
0D0,2,0,0,13:48:11
0D1,0,0,0,13:48:14
0D1,1,39,0,13:48:17
0D1,2,19,0,13:48:19
0D2,0,23,0,13:48:22
0D2,1,17,0,13:48:25
0D2,2,1,0,13:48:28
0D3,0,14,0,13:48:31
0D3,1,3,0,13:48:34
0D3,2,2,0,13:48:36
0D4,0,0,0,13:48:39
0D4,1,1,0,13:48:42
0D4,2,0,0,13:48:45
0D5,0,8,0,13:48:47
0D5,1,14,0,13:48:50
0D5,2,0,0,13:48:53
0D6,0,0,0,13:48:56
0D6,1,0,0,13:48:59
0D6,2,23,0,13:49:01
0D8,0,0,0,13:49:04
0D8,1,17,0,13:49:07
0D8,2,0,0,13:49:10
0D9,0,0,0,13:49:13
0D9,1,1,0,13:49:15
0D9,2,0,0,13:49:18
0DA,0,13,0,13:49:21
0DA,1,0,0,13:49:24
0DA,2,16,0,13:49:27
0DB,0,15,0,13:49:30
0DB,1,16,0,13:49:32
0DB,2,19,0,13:49:35
0DC,0,15,0,13:49:38
0DC,1,19,0,13:49:41
0DC,2,0,0,13:49:43
0DD,0,15,0,13:49:46
0DD,1,1,0,13:49:49
0DD,2,0,0,13:49:52
0DE,0,0,0,13:49:55
0DE,1,0,0,13:49:57
0DE,2,22,0,13:50:00
0DF,0,17,0,13:50:03
0DF,1,2,0,13:50:06
0DF,2,0,0,13:50:08
0E0,0,19,0,13:50:11
0E0,1,0,0,13:50:14
0E0,2,4,0,13:50:17
0E1,0,0,0,13:50:20
0E1,1,0,0,13:50:22
0E1,2,0,0,13:50:25
0E2,0,0,0,13:50:28
0E2,1,3,0,13:50:31
0E2,2,22,0,13:50:34
0E3,0,0,0,13:50:36
0E3,1,19,0,13:50:39
0E3,2,0,0,13:50:42
0E4,0,0,0,13:50:45
0E4,1,15,0,13:50:48
0E4,2,0,0,13:50:50
0E5,0,3,0,13:50:53
0E5,1,2,0,13:50:56
0E5,2,19,0,13:50:59
0E6,0,0,0,13:51:01
0E6,1,22,0,13:51:04
0E6,2,0,0,13:51:07
0E7,0,0,0,13:51:10
0E7,1,0,0,13:51:13
0E7,2,0,0,13:51:15
0E8,0,14,0,13:51:18
0E8,1,13,0,13:51:21
0E8,2,0,0,13:51:24
0E9,0,0,0,13:51:27
0E9,1,22,0,13:51:29
0E9,2,6,0,13:51:32
0EA,0,24,0,13:51:35
0EA,1,0,0,13:51:38
0EA,2,19,0,13:51:41
0EB,0,0,0,13:51:43
0EB,1,0,0,13:51:46
0EB,2,13,0,13:51:49
0EC,0,18,0,13:51:52
0EC,1,7,0,13:51:55
0EC,2,0,0,13:51:57
0ED,0,0,0,13:52:00
0ED,1,1,0,13:52:03
0ED,2,0,0,13:52:06
0EE,0,0,0,13:52:09
0EE,1,16,0,13:52:11
0EE,2,5,0,13:52:14
0EF,0,1,0,13:52:17
0EF,1,16,0,13:52:20
0EF,2,2,0,13:52:22
0F0,0,0,0,13:52:25
0F0,1,21,0,13:52:28
0F0,2,2,0,13:52:31
0F1,0,19,0,13:52:34
0F1,1,3,0,13:52:36
0F1,2,0,0,13:52:39
0F2,0,13,0,13:52:42
0F2,1,0,0,13:52:45
0F2,2,14,0,13:52:48
0F4,0,0,0,13:52:50
0F4,1,0,0,13:52:53
0F4,2,0,0,13:52:56
0F5,0,14,0,13:52:59
0F5,1,1,0,13:53:01
0F5,2,15,0,13:53:04
0F6,0,0,0,13:53:07
0F6,1,0,0,13:53:10
0F6,2,12,0,13:53:13
0F7,0,0,0,13:53:15
0F7,1,1,0,13:53:18
0F7,2,0,0,13:53:21
0F8,0,17,0,13:53:24
0F8,1,0,0,13:53:27
0F8,2,0,0,13:53:29
0F9,0,0,0,13:53:32
0F9,1,7,0,13:53:35
0F9,2,16,0,13:53:38
0FA,0,13,0,13:53:41
0FA,1,8,0,13:53:43
0FA,2,0,0,13:53:46
0FB,0,15,0,13:53:49
0FB,1,0,0,13:53:52
0FB,2,0,0,13:53:54
0FC,0,16,0,13:53:57
0FC,1,0,0,13:54:00
0FC,2,14,0,13:54:03
0FD,0,0,0,13:54:06
0FD,1,14,0,13:54:09
0FD,2,0,0,13:54:11
0FE,0,17,0,13:54:14
0FE,1,10,0,13:54:17
0FE,2,0,0,13:54:20
0FF,0,16,0,13:54:23
0FF,1,16,0,13:54:25
0FF,2,0,0,13:54:28
100,0,14,0,13:54:31
100,1,0,0,13:54:34
100,2,0,0,13:54:37
101,0,14,0,13:54:39
101,1,0,0,13:54:42
101,2,2,0,13:54:45
102,0,0,0,13:54:48
102,1,0,0,13:54:51
102,2,14,0,13:54:53
103,0,18,0,13:54:56
103,1,0,0,13:54:59
103,2,1,0,13:55:02
104,0,0,0,13:55:04
104,1,0,0,13:55:07
104,2,0,0,13:55:10
105,0,0,0,13:55:13
105,1,14,0,13:55:16
105,2,3,0,13:55:19
106,0,0,0,13:55:21
106,1,21,0,13:55:24
106,2,12,0,13:55:27
107,0,14,0,13:55:30
107,1,11,0,13:55:33
107,2,18,0,13:55:35
108,0,0,0,13:55:38
108,1,3,0,13:55:41
108,2,6,0,13:55:44
109,0,0,0,13:55:46
109,1,0,0,13:55:49
109,2,0,0,13:55:52
10A,0,14,0,13:55:55
10A,1,0,0,13:55:58
10A,2,14,0,13:56:01
10B,0,0,0,13:56:03
10B,1,5,0,13:56:06
10B,2,0,0,13:56:09
10C,0,2,0,13:56:12
10C,1,0,0,13:56:15
10C,2,0,0,13:56:18
10D,0,14,0,13:56:20
10D,1,0,0,13:56:23
10D,2,1,0,13:56:26
10E,0,21,0,13:56:29
10E,1,15,0,13:56:32
10E,2,0,0,13:56:34
10F,0,6,0,13:56:37
10F,1,18,0,13:56:40
10F,2,15,0,13:56:43
110,0,0,0,13:56:45
110,1,0,0,13:56:48
110,2,0,0,13:56:51
111,0,0,0,13:56:54
111,1,0,0,13:56:57
111,2,18,0,13:57:00
112,0,0,0,13:57:02
112,1,13,0,13:57:05
112,2,0,0,13:57:08
113,0,20,0,13:57:11
113,1,0,0,13:57:14
113,2,18,0,13:57:16
114,0,0,0,13:57:19
114,1,19,0,13:57:22
114,2,14,0,13:57:25
115,0,2,0,13:57:28
115,1,0,0,13:57:30
115,2,0,0,13:57:33
116,0,0,0,13:57:36
116,1,4,0,13:57:39
116,2,0,0,13:57:42
117,0,13,0,13:57:44
117,1,21,0,13:57:47
117,2,3,0,13:57:50
118,0,0,0,13:57:53
118,1,11,0,13:57:55
118,2,0,0,13:57:58
119,0,7,0,13:58:01
119,1,13,0,13:58:04
119,2,13,0,13:58:07
11A,0,0,0,13:58:10
11A,1,6,0,13:58:12
11A,2,3,0,13:58:15
11B,0,15,0,13:58:18
11B,1,2,0,13:58:21
11B,2,0,0,13:58:24
11C,0,0,0,13:58:26
11C,1,0,0,13:58:29
11C,2,0,0,13:58:32
11D,0,37,0,13:58:35
11D,1,0,0,13:58:38
11D,2,1,0,13:58:40
11E,0,0,0,13:58:43
11E,1,0,0,13:58:46
11E,2,0,0,13:58:49
11F,0,0,0,13:58:52
11F,1,21,0,13:58:54
11F,2,0,0,13:58:57
120,0,0,0,13:59:00
120,1,0,0,13:59:03
120,2,14,0,13:59:06
121,0,0,0,13:59:08
121,1,19,0,13:59:11
121,2,17,0,13:59:14
122,0,14,0,13:59:17
122,1,0,0,13:59:20
122,2,0,0,13:59:22
123,0,0,0,13:59:25
123,1,0,0,13:59:28
123,2,0,0,13:59:31
124,0,37,0,13:59:34
124,1,18,0,13:59:36
124,2,15,0,13:59:39
125,0,21,0,13:59:42
125,1,0,0,13:59:45
125,2,0,0,13:59:48
126,0,0,0,13:59:51
126,1,0,0,13:59:53
126,2,3,0,13:59:56
127,0,20,0,13:59:59
127,1,0,0,14:00:02
127,2,0,0,14:00:05
128,0,0,0,14:00:07
128,1,18,0,14:00:10
128,2,21,0,14:00:13
129,0,16,0,14:00:16
129,1,0,0,14:00:19
129,2,0,0,14:00:21
12A,0,8,0,14:00:24
12A,1,21,0,14:00:27
12A,2,20,0,14:00:30
12B,0,19,0,14:00:33
12B,1,19,0,14:00:35
12B,2,0,0,14:00:38
12C,0,20,0,14:00:41
12C,1,0,0,14:00:44
12C,2,0,0,14:00:47
12D,0,12,0,14:00:49
12D,1,11,0,14:00:52
12D,2,0,0,14:00:55
12E,0,0,0,14:00:58
12E,1,0,0,14:01:01
12E,2,0,0,14:01:04
130,0,0,0,14:01:06
130,1,21,0,14:01:09
130,2,21,0,14:01:12
131,0,22,0,14:01:15
131,1,14,0,14:01:18
131,2,20,0,14:01:20
132,0,1,0,14:01:23
132,1,0,0,14:01:26
132,2,0,0,14:01:29
133,0,0,0,14:01:31
133,1,22,0,14:01:34
133,2,4,0,14:01:37
134,0,21,0,14:01:40
134,1,1,0,14:01:43
134,2,0,0,14:01:45
135,0,19,0,14:01:48
135,1,4,0,14:01:51
135,2,14,0,14:01:54
136,0,10,0,14:01:57
136,1,19,0,14:01:59
136,2,0,0,14:02:02
137,0,21,0,14:02:05
137,1,5,0,14:02:08
137,2,0,0,14:02:11
138,0,0,0,14:02:13
138,1,0,0,14:02:16
138,2,18,0,14:02:19
139,0,19,0,14:02:22
139,1,1,0,14:02:25
139,2,3,0,14:02:27
13A,0,30,0,14:02:30
13A,1,19,0,14:02:33
13A,2,18,0,14:02:36
13B,0,20,0,14:02:39
13B,1,0,0,14:02:41
13B,2,7,0,14:02:44
13C,0,1,0,14:02:47
13C,1,0,0,14:02:50
13C,2,0,0,14:02:53
13D,0,14,0,14:02:55
13D,1,0,0,14:02:58
13D,2,0,0,14:03:01
13E,0,0,0,14:03:04
13E,1,17,0,14:03:07
13E,2,2,0,14:03:09
13F,0,0,0,14:03:12
13F,1,0,0,14:03:15
13F,2,19,0,14:03:18
140,0,13,0,14:03:21
140,1,0,0,14:03:24
140,2,15,0,14:03:26
141,0,19,0,14:03:29
141,1,0,0,14:03:32
141,2,20,0,14:03:35
142,0,0,0,14:03:38
142,1,12,0,14:03:41
142,2,0,0,14:03:43
143,0,19,0,14:03:46
143,1,2,0,14:03:49
143,2,17,0,14:03:52
144,0,0,0,14:03:55
144,1,0,0,14:03:57
144,2,0,0,14:04:00
145,0,19,0,14:04:03
145,1,0,0,14:04:06
145,2,1,0,14:04:08
146,0,0,0,14:04:11
146,1,17,0,14:04:14
146,2,0,0,14:04:17
147,0,38,0,14:04:20
147,1,0,0,14:04:22
147,2,5,0,14:04:25
148,0,0,0,14:04:28
148,1,18,0,14:04:31
148,2,0,0,14:04:34
149,0,0,0,14:04:36
149,1,0,0,14:04:39
149,2,0,0,14:04:42
14A,0,21,0,14:04:45
14A,1,0,0,14:04:48
14A,2,0,0,14:04:51
14B,0,18,0,14:04:53
14B,1,0,0,14:04:56
14B,2,12,0,14:04:59
14C,0,19,0,14:05:02
14C,1,0,0,14:05:05
14C,2,0,0,14:05:08
14D,0,20,0,14:05:11
14D,1,18,0,14:05:14
14D,2,13,0,14:05:17
14E,0,14,0,14:05:20
14E,1,5,0,14:05:23
14E,2,13,0,14:05:25
14F,0,9,0,14:05:28
14F,1,0,0,14:05:31
14F,2,0,0,14:05:34
150,0,0,0,14:05:37
150,1,14,0,14:05:40
150,2,5,0,14:05:43
151,0,0,0,14:05:46
151,1,0,0,14:05:48
151,2,1,0,14:05:51
152,0,18,0,14:05:54
152,1,0,0,14:05:57
152,2,0,0,14:06:00
153,0,0,0,14:06:02
153,1,0,0,14:06:05
153,2,0,0,14:06:08
154,0,0,0,14:06:11
154,1,0,0,14:06:14
154,2,8,0,14:06:16
155,0,0,0,14:06:19
155,1,21,0,14:06:22
155,2,0,0,14:06:25
156,0,0,0,14:06:28
156,1,16,0,14:06:30
156,2,19,0,14:06:33
157,0,0,0,14:06:36
157,1,0,0,14:06:39
157,2,20,0,14:06:42
158,0,0,0,14:06:44
158,1,1,0,14:06:47
158,2,0,0,14:06:50
159,0,16,0,14:06:53
159,1,0,0,14:06:56
159,2,13,0,14:06:58
15A,0,0,0,14:07:01
15A,1,0,0,14:07:04
15A,2,0,0,14:07:07
15B,0,0,0,14:07:09
15B,1,0,0,14:07:12
15B,2,21,0,14:07:15
15C,0,0,0,14:07:18
15C,1,5,0,14:07:21
15C,2,0,0,14:07:24
15D,0,19,0,14:07:26
15D,1,4,0,14:07:29
15D,2,8,0,14:07:32
15E,0,22,0,14:07:35
15E,1,0,0,14:07:38
15E,2,0,0,14:07:40
15F,0,0,0,14:07:43
15F,1,0,0,14:07:46
15F,2,1,0,14:07:49
160,0,0,0,14:07:52
160,1,0,0,14:07:54
160,2,0,0,14:07:57
161,0,21,0,14:08:00
161,1,14,0,14:08:03
161,2,0,0,14:08:06
162,0,0,0,14:08:09
162,1,9,0,14:08:11
162,2,8,0,14:08:14
163,0,0,0,14:08:17
163,1,15,0,14:08:20
163,2,21,0,14:08:23
164,0,9,0,14:08:25
164,1,18,0,14:08:28
164,2,0,0,14:08:31
165,0,0,0,14:08:34
165,1,0,0,14:08:37
165,2,22,0,14:08:39
166,0,0,0,14:08:42
166,1,5,0,14:08:45
166,2,0,0,14:08:48
167,0,16,0,14:08:51
167,1,19,0,14:08:53
167,2,12,0,14:08:56
168,0,15,0,14:08:59
168,1,0,0,14:09:02
168,2,0,0,14:09:05
169,0,21,0,14:09:07
169,1,21,0,14:09:10
169,2,0,0,14:09:13
16A,0,0,0,14:09:16
16A,1,0,0,14:09:19
16A,2,20,0,14:09:21
16B,0,0,0,14:09:24
16B,1,0,0,14:09:27
16B,2,22,0,14:09:30
16C,0,17,0,14:09:32
16C,1,0,0,14:09:35
16C,2,0,0,14:09:38
16D,0,16,0,14:09:41
16D,1,13,0,14:09:44
16D,2,22,0,14:09:47
16E,0,0,0,14:09:49
16E,1,6,0,14:09:52
16E,2,14,0,14:09:55
16F,0,0,0,14:09:58
16F,1,17,0,14:10:01
16F,2,18,0,14:10:03
170,0,0,0,14:10:06
170,1,14,0,14:10:09
170,2,21,0,14:10:12
171,0,0,0,14:10:15
171,1,8,0,14:10:17
171,2,0,0,14:10:20
172,0,5,0,14:10:23
172,1,0,0,14:10:26
172,2,21,0,14:10:28
173,0,0,0,14:10:31
173,1,0,0,14:10:34
173,2,0,0,14:10:37
174,0,14,0,14:10:40
174,1,14,0,14:10:42
174,2,11,0,14:10:45
175,0,0,0,14:10:48
175,1,0,0,14:10:51
175,2,19,0,14:10:54
176,0,0,0,14:10:56
176,1,0,0,14:10:59
176,2,0,0,14:11:02
177,0,19,0,14:11:05
177,1,16,0,14:11:08
177,2,4,0,14:11:11
178,0,0,0,14:11:13
178,1,10,0,14:11:16
178,2,0,0,14:11:19
179,0,18,0,14:11:22
179,1,0,0,14:11:24
179,2,0,0,14:11:27
17A,0,13,0,14:11:30
17A,1,0,0,14:11:33
17A,2,18,0,14:11:36
17B,0,0,0,14:11:38
17B,1,0,0,14:11:41
17B,2,0,0,14:11:44
17C,0,0,0,14:11:47
17C,1,0,0,14:11:50
17C,2,0,0,14:11:52
17D,0,0,0,14:11:55
17D,1,0,0,14:11:58
17D,2,0,0,14:12:01
17E,0,1,0,14:12:04
17E,1,0,0,14:12:07
17E,2,0,0,14:12:09
17F,0,16,0,14:12:12
17F,1,19,0,14:12:15
17F,2,19,0,14:12:18
180,0,0,0,14:12:21
180,1,0,0,14:12:23
180,2,10,0,14:12:26
181,0,14,0,14:12:29
181,1,0,0,14:12:32
181,2,0,0,14:12:35
182,0,13,0,14:12:37
182,1,4,0,14:12:40
182,2,0,0,14:12:43
183,0,0,0,14:12:46
183,1,0,0,14:12:48
183,2,1,0,14:12:51
184,0,0,0,14:12:54
184,1,0,0,14:12:57
184,2,0,0,14:13:00
185,0,0,0,14:13:02
185,1,19,0,14:13:05
185,2,0,0,14:13:08
186,0,9,0,14:13:11
186,1,0,0,14:13:14
186,2,9,0,14:13:17
187,0,14,0,14:13:19
187,1,0,0,14:13:22
187,2,0,0,14:13:25
188,0,0,0,14:13:28
188,1,0,0,14:13:31
188,2,0,0,14:13:33
189,0,0,0,14:13:36
189,1,0,0,14:13:39
189,2,20,0,14:13:42
18A,0,21,0,14:13:45
18A,1,5,0,14:13:47
18A,2,0,0,14:13:51
18B,0,0,0,14:13:53
18B,1,0,0,14:13:56
18B,2,0,0,14:13:59
18C,0,0,0,14:14:02
18C,1,0,0,14:14:05
18C,2,19,0,14:14:07
18D,0,0,0,14:14:10
18D,1,20,0,14:14:13
18D,2,1,0,14:14:16
18E,0,0,0,14:14:19
18E,1,0,0,14:14:21
18E,2,0,0,14:14:24
18F,0,0,0,14:14:27
18F,1,17,0,14:14:30
18F,2,9,0,14:14:33
190,0,4,0,14:14:35
190,1,0,0,14:14:38
190,2,0,0,14:14:41
191,0,0,0,14:14:44
191,1,18,0,14:14:47
191,2,0,0,14:14:49
192,0,18,0,14:14:52
192,1,2,0,14:14:55
192,2,0,0,14:14:58
194,0,1,0,14:15:01
194,1,0,0,14:15:03
194,2,0,0,14:15:06
195,0,0,0,14:15:09
195,1,0,0,14:15:12
195,2,0,0,14:15:15
196,0,0,0,14:15:17
196,1,0,0,14:15:20
196,2,0,0,14:15:23
197,0,2,0,14:15:26
197,1,18,0,14:15:28
197,2,0,0,14:15:31
198,0,0,0,14:15:34
198,1,0,0,14:15:37
198,2,0,0,14:15:40
199,0,0,0,14:15:43
199,1,0,0,14:15:45
199,2,19,0,14:15:48
19A,0,0,0,14:15:51
19A,1,0,0,14:15:54
19A,2,0,0,14:15:57
19C,0,0,0,14:15:59
19C,1,18,0,14:16:02
19C,2,0,0,14:16:05
19D,0,10,0,14:16:08
19D,1,17,0,14:16:11
19D,2,18,0,14:16:13
19E,0,15,0,14:16:16
19E,1,18,0,14:16:19
19E,2,2,0,14:16:22
19F,0,0,0,14:16:24
19F,1,17,0,14:16:27
19F,2,0,0,14:16:30
1A0,0,0,0,14:16:33
1A0,1,0,0,14:16:36
1A0,2,0,0,14:16:39
1A2,0,0,0,14:16:41
1A2,1,9,0,14:16:44
1A2,2,14,0,14:16:47
1A3,0,0,0,14:16:50
1A3,1,0,0,14:16:53
1A3,2,0,0,14:16:55
1A4,0,0,0,14:16:58
1A4,1,0,0,14:17:01
1A4,2,0,0,14:17:04
1A5,0,0,0,14:17:06
1A5,1,17,0,14:17:09
1A5,2,0,0,14:17:12
1A6,0,0,0,14:17:15
1A6,1,16,0,14:17:18
1A6,2,0,0,14:17:21
1A7,0,0,0,14:17:23
1A7,1,21,0,14:17:26
1A7,2,0,0,14:17:29
1A8,0,0,0,14:17:32
1A8,1,0,0,14:17:35
1A8,2,19,0,14:17:38
1A9,0,0,0,14:17:41
1A9,1,0,0,14:17:43
1A9,2,18,0,14:17:46
1AA,0,0,0,14:17:49
1AA,1,0,0,14:17:52
1AA,2,0,0,14:17:55
1AB,0,0,0,14:17:57
1AB,1,0,0,14:18:00
1AB,2,0,0,14:18:03
1AC,0,0,0,14:18:06
1AC,1,8,0,14:18:09
1AC,2,19,0,14:18:11
1AD,0,0,0,14:18:14
1AD,1,0,0,14:18:17
1AD,2,5,0,14:18:20
1AE,0,15,0,14:18:22
1AE,1,10,0,14:18:25
1AE,2,17,0,14:18:28
1AF,0,0,0,14:18:31
1AF,1,0,0,14:18:34
1AF,2,20,0,14:18:37
1B0,0,14,0,14:18:39
1B0,1,0,0,14:18:42
1B0,2,0,0,14:18:45
1B1,0,0,0,14:18:48
1B1,1,0,0,14:18:51
1B1,2,0,0,14:18:53
1B2,0,0,0,14:18:56
1B2,1,0,0,14:18:59
1B2,2,0,0,14:19:02
1B4,0,12,0,14:19:05
1B4,1,0,0,14:19:07
1B4,2,11,0,14:19:10
1B5,0,14,0,14:19:13
1B5,1,0,0,14:19:16
1B5,2,12,0,14:19:19
1B6,0,18,0,14:19:21
1B6,1,0,0,14:19:24
1B6,2,0,0,14:19:27
1B7,0,1,0,14:19:30
1B7,1,0,0,14:19:33
1B7,2,0,0,14:19:36
1B8,0,0,0,14:19:38
1B8,1,15,0,14:19:41
1B8,2,0,0,14:19:44
1B9,0,0,0,14:19:47
1B9,1,0,0,14:19:50
1B9,2,0,0,14:19:52
1BA,0,19,0,14:19:55
1BA,1,0,0,14:19:58
1BA,2,0,0,14:20:01
1BB,0,0,0,14:20:04
1BB,1,18,0,14:20:06
1BB,2,0,0,14:20:09
1BC,0,0,0,14:20:12
1BC,1,1,0,14:20:15
1BC,2,12,0,14:20:18
1BD,0,16,0,14:20:21
1BD,1,0,0,14:20:23
1BD,2,17,0,14:20:26
1BE,0,0,0,14:20:29
1BE,1,0,0,14:20:32
1BE,2,0,0,14:20:35
1BF,0,0,0,14:20:37
1BF,1,0,0,14:20:40
1BF,2,0,0,14:20:43
1C0,0,1,0,14:20:46
1C0,1,18,0,14:20:49
1C0,2,18,0,14:20:51
1C1,0,0,0,14:20:54
1C1,1,0,0,14:20:57
1C1,2,0,0,14:21:00
1C2,0,0,0,14:21:03
1C2,1,0,0,14:21:05
1C2,2,0,0,14:21:08
1C3,0,3,0,14:21:11
1C3,1,8,0,14:21:14
1C3,2,0,0,14:21:17
1C4,0,0,0,14:21:19
1C4,1,18,0,14:21:22
1C4,2,0,0,14:21:25
1C5,0,0,0,14:21:28
1C5,1,21,0,14:21:31
1C5,2,0,0,14:21:33
1C6,0,0,0,14:21:36
1C6,1,9,0,14:21:39
1C6,2,17,0,14:21:42
1C7,0,0,0,14:21:45
1C7,1,19,0,14:21:47
1C7,2,0,0,14:21:50
1C8,0,15,0,14:21:53
1C8,1,0,0,14:21:56
1C8,2,0,0,14:21:59
1C9,0,15,0,14:22:01
1C9,1,2,0,14:22:04
1C9,2,0,0,14:22:07
1CA,0,0,0,14:22:10
1CA,1,2,0,14:22:13
1CA,2,0,0,14:22:15
1CB,0,0,0,14:22:18
1CB,1,0,0,14:22:21
1CB,2,0,0,14:22:24
1CC,0,0,0,14:22:27
1CC,1,0,0,14:22:29
1CC,2,19,0,14:22:32
1CD,0,0,0,14:22:35
1CD,1,0,0,14:22:38
1CD,2,0,0,14:22:41
1CE,0,0,0,14:22:44
1CE,1,0,0,14:22:46
1CE,2,3,0,14:22:49
1CF,0,18,0,14:22:52
1CF,1,0,0,14:22:55
1CF,2,0,0,14:22:58
1D0,0,0,0,14:23:00
1D0,1,0,0,14:23:03
1D0,2,0,0,14:23:06
1D1,0,0,0,14:23:09
1D1,1,0,0,14:23:12
1D1,2,15,0,14:23:15
1D2,0,12,0,14:23:17
1D2,1,18,0,14:23:20
1D2,2,0,0,14:23:23
1D3,0,0,0,14:23:26
1D3,1,0,0,14:23:28
1D3,2,0,0,14:23:31
1D4,0,13,0,14:23:34
1D4,1,0,0,14:23:37
1D4,2,11,0,14:23:40
1D5,0,1,0,14:23:42
1D5,1,0,0,14:23:45
1D5,2,12,0,14:23:48
1D6,0,0,0,14:23:51
1D6,1,0,0,14:23:54
1D6,2,1,0,14:23:56
1D7,0,0,0,14:23:59
1D7,1,0,0,14:24:02
1D7,2,2,0,14:24:05
1D8,0,0,0,14:24:08
1D8,1,0,0,14:24:10
1D8,2,0,0,14:24:13
1D9,0,0,0,14:24:16
1D9,1,0,0,14:24:19
1D9,2,19,0,14:24:21
1DA,0,0,0,14:24:24
1DA,1,0,0,14:24:27
1DA,2,17,0,14:24:30
1DB,0,15,0,14:24:33
1DB,1,14,0,14:24:36
1DB,2,0,0,14:24:39
1DC,0,0,0,14:24:41
1DC,1,18,0,14:24:44
1DC,2,0,0,14:24:47
1DD,0,0,0,14:24:50
1DD,1,0,0,14:24:53
1DD,2,19,0,14:24:55
1DE,0,16,0,14:24:58
1DE,1,0,0,14:25:01
1DE,2,0,0,14:25:04
1DF,0,0,0,14:25:07
1DF,1,8,0,14:25:09
1DF,2,15,0,14:25:12
1E0,0,0,0,14:25:15
1E0,1,20,0,14:25:18
1E0,2,17,0,14:25:21
1E1,0,16,0,14:25:23
1E1,1,18,0,14:25:26
1E1,2,0,0,14:25:29
1E2,0,21,0,14:25:32
1E2,1,0,0,14:25:35
1E2,2,0,0,14:25:37
1E3,0,19,0,14:25:40
1E3,1,0,0,14:25:43
1E3,2,1,0,14:25:46
1E4,0,0,0,14:25:49
1E4,1,0,0,14:25:51
1E4,2,0,0,14:25:54
1E5,0,18,0,14:25:57
1E5,1,0,0,14:26:00
1E5,2,0,0,14:26:03
1E6,0,0,0,14:26:05
1E6,1,15,0,14:26:08
1E6,2,0,0,14:26:11
1E7,0,0,0,14:26:14
1E7,1,0,0,14:26:17
1E7,2,0,0,14:26:19
1E8,0,0,0,14:26:22
1E8,1,0,0,14:26:25
1E8,2,0,0,14:26:28
1E9,0,19,0,14:26:31
1E9,1,0,0,14:26:33
1E9,2,17,0,14:26:36
1EA,0,0,0,14:26:39
1EA,1,14,0,14:26:42
1EA,2,19,0,14:26:45
1EB,0,16,0,14:26:47
1EB,1,0,0,14:26:50
1EB,2,0,0,14:26:53
1EC,0,0,0,14:26:56
1EC,1,0,0,14:26:59
1EC,2,0,0,14:27:01
1ED,0,0,0,14:27:04
1ED,1,1,0,14:27:07
1ED,2,0,0,14:27:10
1EF,0,0,0,14:27:12
1EF,1,0,0,14:27:15
1EF,2,0,0,14:27:18
1F0,0,0,0,14:27:21
1F0,1,0,0,14:27:24
1F0,2,0,0,14:27:26
1F1,0,18,0,14:27:29
1F1,1,17,0,14:27:32
1F1,2,0,0,14:27:35
1F2,0,14,0,14:27:38
1F2,1,14,0,14:27:40
1F2,2,17,0,14:27:43
1F3,0,16,0,14:27:46
1F3,1,0,0,14:27:49
1F3,2,0,0,14:27:52
1F4,0,11,0,14:27:54
1F4,1,0,0,14:27:57
1F4,2,16,0,14:28:00
1F5,0,19,0,14:28:03
1F5,1,0,0,14:28:06
1F5,2,0,0,14:28:08
1F7,0,0,0,14:28:11
1F7,1,0,0,14:28:14
1F7,2,9,0,14:28:17
1F8,0,2,0,14:28:20
1F8,1,0,0,14:28:22
1F8,2,15,0,14:28:25
1F9,0,15,0,14:28:28
1F9,1,0,0,14:28:31
1F9,2,13,0,14:28:34
1FA,0,19,0,14:28:37
1FA,1,0,0,14:28:39
1FA,2,0,0,14:28:42
1FB,0,19,0,14:28:45
1FB,1,15,0,14:28:48
1FB,2,10,0,14:28:51
1FC,0,0,0,14:28:53
1FC,1,18,0,14:28:56
1FC,2,0,0,14:28:59
1FD,0,0,0,14:29:02
1FD,1,0,0,14:29:05
1FD,2,5,0,14:29:07
1FE,0,0,0,14:29:10
1FE,1,0,0,14:29:13
1FE,2,0,0,14:29:16
1FF,0,0,0,14:29:19
1FF,1,3,0,14:29:21
1FF,2,0,0,14:29:24
200,0,0,0,14:29:27
200,1,0,0,14:29:30
200,2,1,0,14:29:32
201,0,2,0,14:29:35
201,1,9,0,14:29:38
201,2,0,0,14:29:41
203,0,0,0,14:29:44
203,1,0,0,14:29:46
203,2,0,0,14:29:49
204,0,3,0,14:29:52
204,1,0,0,14:29:55
204,2,19,0,14:29:58
206,0,20,0,14:30:01
206,1,18,0,14:30:03
206,2,0,0,14:30:06
207,0,2,0,14:30:09
207,1,17,0,14:30:12
207,2,0,0,14:30:15
208,0,0,0,14:30:17
208,1,0,0,14:30:20
208,2,17,0,14:30:23
209,0,0,0,14:30:26
209,1,2,0,14:30:29
209,2,0,0,14:30:31
20A,0,0,0,14:30:34
20A,1,0,0,14:30:37
20A,2,15,0,14:30:40
20B,0,0,0,14:30:42
20B,1,0,0,14:30:45
20B,2,0,0,14:30:48
20C,0,0,0,14:30:51
20C,1,0,0,14:30:54
20C,2,0,0,14:30:57
20D,0,0,0,14:30:59
20D,1,0,0,14:31:02
20D,2,1,0,14:31:05
20E,0,2,0,14:31:08
20E,1,17,0,14:31:11
20E,2,2,0,14:31:13
20F,0,0,0,14:31:16
20F,1,0,0,14:31:19
20F,2,0,0,14:31:22
210,0,0,0,14:31:25
210,1,0,0,14:31:28
210,2,0,0,14:31:30
211,0,0,0,14:31:33
211,1,0,0,14:31:36
211,2,0,0,14:31:39
212,0,0,0,14:31:42
212,1,0,0,14:31:45
212,2,0,0,14:31:47
213,0,0,0,14:31:50
213,1,18,0,14:31:53
213,2,0,0,14:31:56
214,0,0,0,14:31:58
214,1,15,0,14:32:01
214,2,0,0,14:32:04
215,0,0,0,14:32:07
215,1,16,0,14:32:10
215,2,0,0,14:32:12
216,0,0,0,14:32:15
216,1,11,0,14:32:18
216,2,12,0,14:32:21
217,0,0,0,14:32:24
217,1,0,0,14:32:26
217,2,9,0,14:32:29
218,0,0,0,14:32:32
218,1,15,0,14:32:35
218,2,18,0,14:32:38
219,0,15,0,14:32:41
219,1,0,0,14:32:43
219,2,0,0,14:32:46
21B,0,3,0,14:32:49
21B,1,0,0,14:32:52
21B,2,0,0,14:32:54
21C,0,0,0,14:32:57
21C,1,0,0,14:33:00
21C,2,0,0,14:33:03
21D,0,0,0,14:33:06
21D,1,18,0,14:33:08
21D,2,1,0,14:33:11
21E,0,2,0,14:33:14
21E,1,16,0,14:33:17
21E,2,0,0,14:33:20
21F,0,8,0,14:33:22
21F,1,9,0,14:33:25
21F,2,0,0,14:33:28
220,0,0,0,14:33:31
220,1,0,0,14:33:34
220,2,0,0,14:33:36
221,0,0,0,14:33:39
221,1,0,0,14:33:42
221,2,1,0,14:33:45
222,0,16,0,14:33:48
222,1,0,0,14:33:50
222,2,1,0,14:33:53
223,0,1,0,14:33:56
223,1,0,0,14:33:59
223,2,2,0,14:34:02
224,0,16,0,14:34:05
224,1,0,0,14:34:07
224,2,2,0,14:34:10
225,0,0,0,14:34:13
225,1,0,0,14:34:16
225,2,0,0,14:34:18
226,0,0,0,14:34:21
226,1,20,0,14:34:24
226,2,0,0,14:34:27
227,0,0,0,14:34:30
227,1,0,0,14:34:32
227,2,19,0,14:34:35
228,0,0,0,14:34:38
228,1,0,0,14:34:41
228,2,0,0,14:34:44
229,0,0,0,14:34:46
229,1,0,0,14:34:49
229,2,0,0,14:34:52
22A,0,0,0,14:34:55
22A,1,0,0,14:34:58
22A,2,0,0,14:35:00
22B,0,0,0,14:35:03
22B,1,0,0,14:35:06
22B,2,0,0,14:35:09
22C,0,0,0,14:35:12
22C,1,0,0,14:35:14
22C,2,18,0,14:35:17
22D,0,19,0,14:35:20
22D,1,0,0,14:35:23
22D,2,0,0,14:35:26
22E,0,0,0,14:35:28
22E,1,1,0,14:35:31
22E,2,16,0,14:35:34
22F,0,6,0,14:35:37
22F,1,0,0,14:35:40
22F,2,2,0,14:35:42
230,0,18,0,14:35:45
230,1,0,0,14:35:48
230,2,19,0,14:35:51
231,0,12,0,14:35:53
231,1,0,0,14:35:56
231,2,0,0,14:35:59
232,0,18,0,14:36:02
232,1,0,0,14:36:05
232,2,17,0,14:36:08
233,0,18,0,14:36:10
233,1,3,0,14:36:13
233,2,17,0,14:36:16
234,0,17,0,14:36:19
234,1,20,0,14:36:22
234,2,16,0,14:36:25
235,0,1,0,14:36:27
235,1,0,0,14:36:30
235,2,0,0,14:36:33
236,0,0,0,14:36:36
236,1,9,0,14:36:38
236,2,19,0,14:36:41
237,0,0,0,14:36:44
237,1,0,0,14:36:47
237,2,1,0,14:36:50
238,0,0,0,14:36:52
238,1,0,0,14:36:55
238,2,18,0,14:36:58
239,0,18,0,14:37:01
239,1,17,0,14:37:04
239,2,15,0,14:37:06
23A,0,0,0,14:37:09
23A,1,0,0,14:37:12
23A,2,0,0,14:37:15
23B,0,21,0,14:37:18
