1D8,0,0,06:30:10
1D9,0,0,06:30:12
1DA,0,0,06:30:15
1DB,0,0,06:30:18
1DC,0,0,06:30:21
1DD,0,0,06:30:24
1DE,0,0,06:30:26
1DF,0,0,06:30:29
1E0,0,0,06:30:32
1E1,0,0,06:30:35
1E2,0,0,06:30:38
1E3,0,0,06:30:40
1E4,0,0,06:30:43
1E5,0,0,06:30:46
1E6,0,0,06:30:49
1E7,0,0,06:30:52
1E8,0,0,06:30:54
1E9,0,0,06:30:57
1EA,0,0,06:31:00
1EB,0,0,06:31:03
1EC,0,0,06:31:06
1ED,0,0,06:31:09
1EF,0,0,06:31:11
1F0,0,0,06:31:14
1F1,0,0,06:31:17
1F2,0,0,06:31:20
1F3,0,0,06:31:22
1F4,0,0,06:31:25
1F5,0,0,06:31:28
1F7,0,0,06:31:31
1F8,0,0,06:31:34
1F9,0,0,06:31:36
1FA,0,0,06:31:39
1FB,0,0,06:31:42
1FC,0,0,06:31:45
1FD,0,0,06:31:48
1FE,0,0,06:31:50
1FF,0,0,06:31:53
200,0,0,06:31:56
201,0,0,06:31:59
203,0,0,06:32:01
204,0,0,06:32:04
206,0,0,06:32:07
207,0,0,06:32:10
208,0,0,06:32:13
209,0,0,06:32:15
20A,0,0,06:32:18
20B,0,0,06:32:21
20C,0,0,06:32:24
20D,0,0,06:32:26
20E,0,0,06:32:29
20F,0,0,06:32:32
210,0,0,06:32:35
211,0,0,06:32:38
212,0,0,06:32:40
213,0,0,06:32:43
214,0,0,06:32:46
215,0,0,06:32:49
216,0,0,06:32:52
217,0,0,06:32:54
218,0,0,06:32:57
219,0,0,06:33:00
21B,0,0,06:33:03
21C,0,0,06:33:05
21D,0,0,06:33:08
21E,0,0,06:33:11
21F,0,0,06:33:14
220,0,0,06:33:17
221,0,0,06:33:19
222,0,0,06:33:22
223,0,0,06:33:25
224,0,0,06:33:28
225,0,0,06:33:31
226,0,0,06:33:34
227,0,0,06:33:36
228,0,0,06:33:39
229,0,0,06:33:42
22A,0,0,06:33:45
22B,0,0,06:33:47
22C,0,0,06:33:50
22D,0,0,06:33:53
22E,0,0,06:33:56
22F,0,0,06:33:59
230,0,0,06:34:01
231,0,0,06:34:04
232,0,0,06:34:07
233,0,0,06:34:10
234,0,0,06:34:13
235,0,0,06:34:15
236,0,0,06:34:18
237,0,0,06:34:21
238,0,0,06:34:24
239,0,0,06:34:26
23A,0,0,06:34:29
23B,0,0,06:34:32
23C,0,0,06:34:35
23D,0,0,06:34:38
23E,0,0,06:34:40
23F,0,0,06:34:43
240,0,0,06:34:46
241,0,0,06:34:49
242,0,0,06:34:51
243,0,0,06:34:54
244,0,0,06:34:57
245,0,0,06:35:00
246,0,0,06:35:03
247,0,0,06:35:05
248,0,0,06:35:08
249,0,0,06:35:11
24A,0,0,06:35:14
24B,0,0,06:35:16
24C,0,0,06:35:19
24D,0,0,06:35:22
24E,0,0,06:35:25
24F,0,0,06:35:28
250,0,0,06:35:30
251,0,0,06:35:33
252,0,0,06:35:36
253,0,0,06:35:39
254,0,0,06:35:42
255,0,0,06:35:44
256,0,0,06:35:47
257,0,0,06:35:50
258,0,0,06:35:53
259,0,0,06:35:55
25A,0,0,06:35:58
25B,0,0,06:36:01
25C,0,0,06:36:04
25D,0,0,06:36:07
25E,0,0,06:36:09
25F,0,0,06:36:12
260,0,0,06:36:15
261,0,0,06:36:18
262,0,0,06:36:20
263,0,0,06:36:23
264,0,0,06:36:26
265,0,0,06:36:29
266,0,0,06:36:32
267,0,0,06:36:34
268,0,0,06:36:37
269,0,0,06:36:40
26A,0,0,06:36:43
26B,0,0,06:36:46
26C,0,0,06:36:48
26D,0,0,06:36:51
26E,0,0,06:36:54
26F,0,0,06:36:57
270,0,0,06:36:59
271,0,0,06:37:02
272,0,0,06:37:05
273,0,0,06:37:08
274,0,0,06:37:11
275,0,0,06:37:13
276,0,0,06:37:16
277,0,0,06:37:19
278,0,0,06:37:22
279,0,0,06:37:25
27A,0,0,06:37:27
27B,0,0,06:37:30
27C,0,0,06:37:33
27D,0,0,06:37:36
27E,0,0,06:37:39
27F,0,0,06:37:42
280,0,0,06:37:44
281,0,0,06:37:47
282,0,0,06:37:50
283,0,0,06:37:53
284,0,0,06:37:56
285,0,0,06:37:58
286,0,0,06:38:01
287,0,0,06:38:04
288,0,0,06:38:07
28A,0,0,06:38:09
28B,0,0,06:38:12
28C,0,0,06:38:15
28D,0,0,06:38:18
28E,0,0,06:38:21
28F,0,0,06:38:23
290,0,0,06:38:26
292,0,0,06:38:29
293,0,0,06:38:32
294,0,0,06:38:35
295,0,0,06:38:37
296,0,0,06:38:40
298,0,0,06:38:43
299,0,0,06:38:46
29A,0,0,06:38:49
29B,0,0,06:38:51
29C,0,0,06:38:54
29D,0,0,06:38:57
29E,0,0,06:39:00
29F,0,0,06:39:03
2A0,0,0,06:39:05
2A1,0,0,06:39:08
2A2,0,0,06:39:11
2A3,0,0,06:39:14
2A4,0,0,06:39:17
2A5,529,1,06:39:25
2A6,0,0,06:39:28
2A8,0,0,06:39:31
2A9,0,0,06:39:34
2AA,0,0,06:39:36
2AB,0,0,06:39:39
2AC,0,0,06:39:42
2AD,0,0,06:39:45
2AE,0,0,06:39:48
2AF,0,0,06:39:50
2B0,0,0,06:39:53
2B1,0,0,06:39:56
2B2,0,0,06:39:59
2B3,0,0,06:40:01
2B4,0,0,06:40:04
2B5,0,0,06:40:07
2B6,0,0,06:40:10
2B7,0,0,06:40:13
2B8,0,0,06:40:15
2B9,0,0,06:40:18
2BA,0,0,06:40:21
2BC,0,0,06:40:24
2BD,0,0,06:40:27
2BE,0,0,06:40:29
2BF,0,0,06:40:32
2C0,0,0,06:40:35
2C1,0,0,06:40:38
2C2,0,0,06:40:41
2C6,0,0,06:40:43
2C7,0,0,06:40:46
2C8,0,0,06:40:49
2C9,0,0,06:40:52
2CB,0,0,06:40:55
2CC,0,0,06:40:57
2CD,0,0,06:41:00
2CE,0,0,06:41:03
2CF,0,0,06:41:06
2D0,0,0,06:41:09
2D1,0,0,06:41:11
2D2,0,0,06:41:14
2D3,0,0,06:41:17
2D4,0,0,06:41:20
2D5,0,0,06:41:23
2D6,0,0,06:41:25
2D7,0,0,06:41:28
2D8,0,0,06:41:31
2D9,0,0,06:41:34
2DA,0,0,06:41:37
2DB,0,0,06:41:39
2DC,0,0,06:41:42
2DD,0,0,06:41:45
2DE,0,0,06:41:48
2DF,0,0,06:41:51
2E0,0,0,06:41:53
2E1,0,0,06:41:56
2E2,0,0,06:41:59
2E3,0,0,06:42:02
2E4,0,0,06:42:05
2E5,0,0,06:42:07
2E6,0,0,06:42:10
2E7,0,0,06:42:13
2E8,0,0,06:42:16
2E9,0,0,06:42:19
2EA,0,0,06:42:22
2EB,0,0,06:42:24
2EC,0,0,06:42:27
2ED,0,0,06:42:30
2EE,0,0,06:42:33
2EF,0,0,06:42:35
2F0,0,0,06:42:38
2F1,0,0,06:42:41
2F2,0,0,06:42:44
2F3,0,0,06:42:46
2F4,0,0,06:42:49
2F5,0,0,06:42:52
2F6,0,0,06:42:55
2F8,0,0,06:42:58
2F9,0,0,06:43:01
2FA,0,0,06:43:04
2FB,0,0,06:43:06
2FC,0,0,06:43:09
2FD,0,0,06:43:12
2FE,0,0,06:43:15
2FF,0,0,06:43:18
300,0,0,06:43:20
301,0,0,06:43:23
302,0,0,06:43:26
303,0,0,06:43:29
304,0,0,06:43:32
305,0,0,06:43:34
306,0,0,06:43:37
307,0,0,06:43:40
308,0,0,06:43:43
309,0,0,06:43:46
30A,0,0,06:43:49
30B,0,0,06:43:51
30C,0,0,06:43:54
30D,0,0,06:43:57
30E,0,0,06:44:00
30F,0,0,06:44:02
310,0,0,06:44:05
311,0,0,06:44:08
312,0,0,06:44:11
313,0,0,06:44:13
314,0,0,06:44:16
315,0,0,06:44:19
316,0,0,06:44:22
317,0,0,06:44:25
318,0,0,06:44:27
319,0,0,06:44:30
31A,0,0,06:44:33
31B,0,0,06:44:36
31C,0,0,06:44:39
31D,0,0,06:44:41
31E,0,0,06:44:44
31F,0,0,06:44:47
320,0,0,06:44:50
321,0,0,06:44:52
322,0,0,06:44:55
323,0,0,06:44:58
324,0,0,06:45:01
325,0,0,06:45:04
326,0,0,06:45:06
327,0,0,06:45:09
329,0,0,06:45:12
32A,0,0,06:45:15
32B,0,0,06:45:17
32C,0,0,06:45:20
32D,0,0,06:45:23
32E,0,0,06:45:26
32F,0,0,06:45:29
331,0,0,06:45:31
332,0,0,06:45:34
333,0,0,06:45:37
334,0,0,06:45:40
335,0,0,06:45:42
337,0,0,06:45:45
339,0,0,06:45:48
33A,0,0,06:45:51
33B,0,0,06:45:54
33C,0,0,06:45:56
33D,0,0,06:45:59
33E,0,0,06:46:02
33F,0,0,06:46:05
340,0,0,06:46:07
341,0,0,06:46:10
342,0,0,06:46:13
343,0,0,06:46:16
344,0,0,06:46:19
345,0,0,06:46:21
346,0,0,06:46:24
347,0,0,06:46:27
348,0,0,06:46:30
34A,0,0,06:46:32
34B,0,0,06:46:35
34C,0,0,06:46:38
34D,0,0,06:46:41
34E,0,0,06:46:44
350,0,0,06:46:46
351,0,0,06:46:49
352,0,0,06:46:52
353,0,0,06:46:55
354,0,0,06:46:57
355,0,0,06:47:00
356,0,0,06:47:03
357,0,0,06:47:06
358,0,0,06:47:09
359,0,0,06:47:11
35A,0,0,06:47:14
35B,0,0,06:47:17
35D,0,0,06:47:20
35E,0,0,06:47:22
35F,0,0,06:47:25
360,0,0,06:47:28
361,0,0,06:47:31
363,0,0,06:47:34
364,0,0,06:47:36
365,0,0,06:47:39
366,0,0,06:47:42
369,0,0,06:47:45
36A,0,0,06:47:48
36B,0,0,06:47:50
36C,0,0,06:47:53
36D,0,0,06:47:56
36F,0,0,06:47:59
370,0,0,06:48:01
371,0,0,06:48:04
372,0,0,06:48:07
373,0,0,06:48:10
374,0,0,06:48:13
375,0,0,06:48:15
376,0,0,06:48:18
377,0,0,06:48:21
378,0,0,06:48:24
379,0,0,06:48:26
37A,0,0,06:48:29
37B,0,0,06:48:32
37C,0,0,06:48:35
37D,0,0,06:48:38
37E,0,0,06:48:40
37F,0,0,06:48:43
380,0,0,06:48:46
381,0,0,06:48:49
382,0,0,06:48:51
383,0,0,06:48:54
384,0,0,06:48:57
385,0,0,06:49:00
386,0,0,06:49:03
387,0,0,06:49:05
388,0,0,06:49:08
389,0,0,06:49:11
38A,0,0,06:49:14
38B,0,0,06:49:17
38C,0,0,06:49:19
38D,0,0,06:49:22
38E,0,0,06:49:25
38F,0,0,06:49:28
390,0,0,06:49:31
391,0,0,06:49:33
392,0,0,06:49:36
394,0,0,06:49:39
395,0,0,06:49:42
396,0,0,06:49:44
397,0,0,06:49:47
398,0,0,06:49:50
399,0,0,06:49:53
39A,0,0,06:49:56
39B,0,0,06:49:59
39C,0,0,06:50:01
39D,0,0,06:50:04
39F,0,0,06:50:07
3A0,0,0,06:50:10
3A1,0,0,06:50:12
3A2,0,0,06:50:15
3A3,0,0,06:50:18
3A4,0,0,06:50:21
3A5,0,0,06:50:24
3A6,0,0,06:50:26
3A8,0,0,06:50:29
3A9,0,0,06:50:32
3AA,0,0,06:50:35
3AB,0,0,06:50:38
3AC,0,0,06:50:40
3AD,0,0,06:50:43
3AE,0,0,06:50:46
3AF,0,0,06:50:49
3B0,0,0,06:50:51
3B1,0,0,06:50:54
3B2,0,0,06:50:57
3B3,0,0,06:51:00
3B4,0,0,06:51:03
3B5,0,0,06:51:05
3B6,0,0,06:51:08
3B7,0,0,06:51:11
3B8,0,0,06:51:14
3B9,0,0,06:51:17
3BA,0,0,06:51:19
3BB,0,0,06:51:22
3BC,0,0,06:51:25
3BD,0,0,06:51:28
3BE,0,0,06:51:31
3BF,0,0,06:51:34
3C0,0,0,06:51:36
3C1,0,0,06:51:39
3C2,0,0,06:51:42
3C3,0,0,06:51:45
3C4,0,0,06:51:47
3C5,0,0,06:51:50
3C6,0,0,06:51:53
3C7,0,0,06:51:56
3C8,0,0,06:51:59
3C9,0,0,06:52:01
3CA,0,0,06:52:04
3CB,0,0,06:52:07
3CC,0,0,06:52:10
3CD,0,0,06:52:12
3CE,0,0,06:52:16
3CF,0,0,06:52:19
3D0,0,0,06:52:21
3D1,0,0,06:52:24
3D2,0,0,06:52:27
3D3,0,0,06:52:30
3D4,0,0,06:52:32
3D5,0,0,06:52:35
3D6,0,0,06:52:38
3D7,0,0,06:52:41
3D8,0,0,06:52:43
3D9,0,0,06:52:46
3DA,0,0,06:52:49
3DB,0,0,06:52:52
3DC,0,0,06:52:55
3DD,0,0,06:52:57
3DE,0,0,06:53:00
3DF,0,0,06:53:03
3E0,0,0,06:53:06
3E1,0,0,06:53:09
3E2,0,0,06:53:12
3E3,0,0,06:53:14
3E4,0,0,06:53:17
3E5,0,0,06:53:20
3E6,0,0,06:53:23
3E7,0,0,06:53:25
3E8,0,0,06:53:28
3E9,0,0,06:53:31
3EA,0,0,06:53:34
3EB,0,0,06:53:37
3EC,0,0,06:53:39
3ED,0,0,06:53:42
3EE,0,0,06:53:45
3EF,0,0,06:53:48
3F0,0,0,06:53:51
3F1,0,0,06:53:53
3F2,0,0,06:53:56
3F3,0,0,06:53:59
3F4,0,0,06:54:02
3F5,0,0,06:54:05
3F6,0,0,06:54:08
3F7,0,0,06:54:10
3F8,0,0,06:54:13
3FA,0,0,06:54:16
3FB,0,0,06:54:19
3FC,0,0,06:54:22
3FE,0,0,06:54:24
3FF,0,0,06:54:27
400,0,0,06:54:30
401,0,0,06:54:33
402,0,0,06:54:35
403,0,0,06:54:38
404,0,0,06:54:41
405,0,0,06:54:44
406,0,0,06:54:47
407,0,0,06:54:49
408,0,0,06:54:52
409,0,0,06:54:55
40A,0,0,06:54:58
40B,0,0,06:55:01
40C,0,0,06:55:03
40D,0,0,06:55:06
40E,0,0,06:55:09
40F,0,0,06:55:12
410,0,0,06:55:15
411,0,0,06:55:17
412,0,0,06:55:20
413,0,0,06:55:23
414,0,0,06:55:26
415,0,0,06:55:29
416,0,0,06:55:31
417,0,0,06:55:34
418,0,0,06:55:37
419,0,0,06:55:40
41A,0,0,06:55:42
41B,0,0,06:55:45
41C,0,0,06:55:48
41D,0,0,06:55:51
41E,0,0,06:55:54
41F,0,0,06:55:56
420,0,0,06:55:59
421,0,0,06:56:02
422,0,0,06:56:05
423,0,0,06:56:08
424,0,0,06:56:10
425,0,0,06:56:13
426,0,0,06:56:16
427,0,0,06:56:19
428,0,0,06:56:21
429,0,0,06:56:24
42A,0,0,06:56:27
42B,0,0,06:56:30
42C,0,0,06:56:32
42D,0,0,06:56:35
42E,0,0,06:56:38
42F,0,0,06:56:41
430,0,0,06:56:44
431,0,0,06:56:46
432,0,0,06:56:49
433,0,0,06:56:52
434,0,0,06:56:55
435,0,0,06:56:58
436,0,0,06:57:00
437,0,0,06:57:03
438,0,0,06:57:06
439,0,0,06:57:09
43A,0,0,06:57:12
43B,0,0,06:57:14
43C,0,0,06:57:17
43D,0,0,06:57:20
43E,0,0,06:57:23
43F,0,0,06:57:26
440,0,0,06:57:29
441,0,0,06:57:31
442,0,0,06:57:34
443,0,0,06:57:37
444,0,0,06:57:40
445,0,0,06:57:42
446,0,0,06:57:45
447,0,0,06:57:48
448,0,0,06:57:51
449,0,0,06:57:54
44A,0,0,06:57:56
44B,0,0,06:57:59
44C,0,0,06:58:02
44D,0,0,06:58:05
44E,0,0,06:58:07
44F,0,0,06:58:10
450,0,0,06:58:13
451,0,0,06:58:16
452,0,0,06:58:19
453,0,0,06:58:21
454,0,0,06:58:24
455,0,0,06:58:27
456,0,0,06:58:30
457,0,0,06:58:32
458,0,0,06:58:35
459,0,0,06:58:38
45A,0,0,06:58:41
45B,0,0,06:58:44
45C,0,0,06:58:46
45D,0,0,06:58:49
45E,0,0,06:58:52
45F,0,0,06:58:55
460,0,0,06:58:57
461,0,0,06:59:00
462,0,0,06:59:03
463,0,0,06:59:06
464,0,0,06:59:09
465,0,0,06:59:11
466,0,0,06:59:14
467,0,0,06:59:17
468,0,0,06:59:20
469,0,0,06:59:22
46A,0,0,06:59:25
46B,0,0,06:59:28
46C,0,0,06:59:31
46D,0,0,06:59:34
46E,0,0,06:59:36
46F,0,0,06:59:39
470,0,0,06:59:42
471,0,0,06:59:45
472,0,0,06:59:47
473,0,0,06:59:50
474,0,0,06:59:53
475,0,0,06:59:56
476,0,0,06:59:59
477,0,0,07:00:01
478,0,0,07:00:04
479,0,0,07:00:07
47A,0,0,07:00:10
47B,0,0,07:00:13
47C,0,0,07:00:15
47D,0,0,07:00:18
47E,0,0,07:00:21
47F,0,0,07:00:24
480,0,0,07:00:26
481,0,0,07:00:29
482,0,0,07:00:32
483,0,0,07:00:35
484,0,0,07:00:38
485,0,0,07:00:40
486,0,0,07:00:43
487,0,0,07:00:46
488,0,0,07:00:49
489,0,0,07:00:51
48A,0,0,07:00:54
48B,0,0,07:00:57
48C,0,0,07:01:00
48D,0,0,07:01:03
48E,0,0,07:01:05
48F,0,0,07:01:08
490,0,0,07:01:11
491,0,0,07:01:14
492,0,0,07:01:17
493,0,0,07:01:19
494,0,0,07:01:22
495,0,0,07:01:25
496,0,0,07:01:28
497,0,0,07:01:31
498,0,0,07:01:33
499,0,0,07:01:36
49A,0,0,07:01:39
49B,0,0,07:01:42
49C,0,0,07:01:44
49D,0,0,07:01:47
49E,0,0,07:01:50
49F,0,0,07:01:53
4A0,0,0,07:01:56
4A1,0,0,07:01:58
4A2,0,0,07:02:01
4A3,0,0,07:02:04
4A4,0,0,07:02:07
4A5,0,0,07:02:10
4A6,0,0,07:02:13
4A7,0,0,07:02:15
4A8,0,0,07:02:18
4A9,0,0,07:02:21
4AA,0,0,07:02:24
4AB,0,0,07:02:26
4AC,0,0,07:02:29
4AD,0,0,07:02:32
4AE,0,0,07:02:35
4AF,0,0,07:02:38
4B0,0,0,07:02:41
4B1,0,0,07:02:43
4B2,0,0,07:02:46
4B3,0,0,07:02:49
4B4,0,0,07:02:52
4B5,0,0,07:02:55
4B6,0,0,07:02:57
4B7,0,0,07:03:00
4B8,0,0,07:03:03
4B9,0,0,07:03:06
4BA,0,0,07:03:09
4BB,0,0,07:03:12
4BC,0,0,07:03:14
4BD,0,0,07:03:17
4BE,0,0,07:03:20
4BF,0,0,07:03:23
4C0,0,0,07:03:25
4C1,0,0,07:03:28
4C2,0,0,07:03:31
4C3,0,0,07:03:34
4C4,0,0,07:03:37
4C5,0,0,07:03:39
4C6,0,0,07:03:42
4C7,0,0,07:03:45
4C8,0,0,07:03:48
4C9,0,0,07:03:51
4CA,0,0,07:03:53
4CB,0,0,07:03:56
4CC,0,0,07:03:59
4CD,0,0,07:04:02
4CE,0,0,07:04:04
4CF,0,0,07:04:07
4D0,0,0,07:04:10
4D1,0,0,07:04:13
4D2,0,0,07:04:16
4D3,0,0,07:04:19
4D4,0,0,07:04:21
4D5,0,0,07:04:24
4D6,0,0,07:04:27
4D7,0,0,07:04:30
4D8,0,0,07:04:33
4D9,0,0,07:04:35
4DA,0,0,07:04:38
4DB,0,0,07:04:41
4DC,0,0,07:04:44
4DD,0,0,07:04:46
4DE,0,0,07:04:49
4DF,0,0,07:04:52
4E0,0,0,07:04:55
4E1,0,0,07:04:58
4E2,0,0,07:05:00
4E3,0,0,07:05:03
4E4,0,0,07:05:06
4E5,0,0,07:05:09
4E6,0,0,07:05:12
4E7,0,0,07:05:14
4E8,0,0,07:05:17
4E9,0,0,07:05:20
4EA,0,0,07:05:23
4EB,0,0,07:05:26
4EC,0,0,07:05:28
4ED,0,0,07:05:31
4EE,0,0,07:05:34
4EF,0,0,07:05:37
4F0,0,0,07:05:39
4F1,0,0,07:05:42
4F2,0,0,07:05:45
4F3,0,0,07:05:48
4F4,0,0,07:05:51
4F5,0,0,07:05:53
4F6,0,0,07:05:56
4F7,0,0,07:05:59
4F8,0,0,07:06:02
4F9,0,0,07:06:04
4FA,0,0,07:06:07
4FB,0,0,07:06:10
4FC,0,0,07:06:13
4FD,0,0,07:06:16
4FE,0,0,07:06:18
4FF,0,0,07:06:21
