001,0,0,09:34:17
002,0,0,09:34:19
003,0,0,09:34:22
004,0,0,09:34:25
005,0,0,09:34:28
006,0,0,09:34:31
007,0,0,09:34:33
008,0,0,09:34:36
009,0,0,09:34:39
00A,0,0,09:34:42
00B,0,0,09:34:44
00C,0,0,09:34:47
00D,0,0,09:34:50
00E,0,0,09:34:53
00F,0,0,09:34:56
010,0,0,09:34:58
011,0,0,09:35:01
012,0,0,09:35:04
013,0,0,09:35:07
014,0,0,09:35:10
015,0,0,09:35:12
016,0,0,09:35:15
017,0,0,09:35:18
018,0,0,09:35:21
019,0,0,09:35:23
01A,0,0,09:35:26
01B,0,0,09:35:29
01C,0,0,09:35:32
01D,0,0,09:35:35
01E,0,0,09:35:37
01F,0,0,09:35:40
020,0,0,09:35:43
021,0,0,09:35:46
022,0,0,09:35:48
023,0,0,09:35:51
024,0,0,09:35:54
025,0,0,09:35:57
026,0,0,09:36:00
027,0,0,09:36:02
028,0,0,09:36:05
029,0,0,09:36:08
02A,0,0,09:36:11
02B,0,0,09:36:14
02C,0,0,09:36:16
02D,0,0,09:36:19
02E,0,0,09:36:22
02F,0,0,09:36:25
030,0,0,09:36:27
031,0,0,09:36:30
032,0,0,09:36:33
033,0,0,09:36:36
034,0,0,09:36:39
035,0,0,09:36:41
036,0,0,09:36:44
037,0,0,09:36:47
038,0,0,09:36:50
039,0,0,09:36:52
03A,0,0,09:36:55
03B,0,0,09:36:58
03C,0,0,09:37:01
03D,0,0,09:37:04
03E,0,0,09:37:06
03F,0,0,09:37:09
040,0,0,09:37:12
041,0,0,09:37:15
042,0,0,09:37:17
043,0,0,09:37:20
044,0,0,09:37:23
045,0,0,09:37:26
046,0,0,09:37:29
047,0,0,09:37:31
048,0,0,09:37:34
049,0,0,09:37:37
04A,0,0,09:37:40
04B,0,0,09:37:43
04C,0,0,09:37:45
04D,0,0,09:37:48
04E,0,0,09:37:51
04F,0,0,09:37:54
050,0,0,09:37:56
051,0,0,09:37:59
052,0,0,09:38:02
053,0,0,09:38:05
054,0,0,09:38:08
055,0,0,09:38:10
056,0,0,09:38:13
057,0,0,09:38:16
058,0,0,09:38:19
059,0,0,09:38:22
05A,0,0,09:38:24
05B,0,0,09:38:27
05C,0,0,09:38:30
05D,0,0,09:38:33
05E,0,0,09:38:36
05F,0,0,09:38:38
060,0,0,09:38:41
061,0,0,09:38:44
062,0,0,09:38:47
063,0,0,09:38:50
064,0,0,09:38:52
065,0,0,09:38:55
066,0,0,09:38:58
067,0,0,09:39:01
068,0,0,09:39:04
069,0,0,09:39:06
06A,0,0,09:39:09
06B,0,0,09:39:12
06C,0,0,09:39:15
06D,0,0,09:39:18
06E,0,0,09:39:21
06F,0,0,09:39:23
070,0,0,09:39:26
071,0,0,09:39:29
072,0,0,09:39:32
073,0,0,09:39:34
074,0,0,09:39:37
075,0,0,09:39:40
076,0,0,09:39:43
077,0,0,09:39:46
078,0,0,09:39:48
079,0,0,09:39:51
07A,0,0,09:39:54
07B,0,0,09:39:57
07C,0,0,09:39:59
07D,0,0,09:40:02
07E,0,0,09:40:05
07F,0,0,09:40:08
080,0,0,09:40:11
081,0,0,09:40:13
082,0,0,09:40:16
083,0,0,09:40:19
084,0,0,09:40:22
085,0,0,09:40:24
086,0,0,09:40:27
087,0,0,09:40:30
088,0,0,09:40:33
089,0,0,09:40:36
08A,0,0,09:40:38
08B,0,0,09:40:41
08C,0,0,09:40:44
08D,0,0,09:40:47
08E,0,0,09:40:50
08F,0,0,09:40:52
090,0,0,09:40:55
091,0,0,09:40:58
092,0,0,09:41:01
093,0,0,09:41:03
094,0,0,09:41:06
095,0,0,09:41:09
096,0,0,09:41:12
097,0,0,09:41:15
098,0,0,09:41:17
099,0,0,09:41:20
09A,0,0,09:41:23
09B,0,0,09:41:26
09C,0,0,09:41:29
09D,0,0,09:41:31
09E,0,0,09:41:34
09F,0,0,09:41:37
0A0,0,0,09:41:40
0A1,0,0,09:41:43
0A2,0,0,09:41:45
0A3,0,0,09:41:48
0A4,0,0,09:41:51
0A5,0,0,09:41:54
0A6,0,0,09:41:56
0A7,0,0,09:41:59
0A8,0,0,09:42:02
0A9,0,0,09:42:05
0AA,0,0,09:42:08
0AB,0,0,09:42:10
0AC,0,0,09:42:13
0AD,0,0,09:42:16
0AE,0,0,09:42:19
0AF,0,0,09:42:21
0B0,0,0,09:42:24
0B1,0,0,09:42:27
0B2,0,0,09:42:30
0B3,0,0,09:42:33
0B4,0,0,09:42:36
0B5,0,0,09:42:38
0B6,0,0,09:42:41
0B7,0,0,09:42:44
0B8,0,0,09:42:47
0B9,0,0,09:42:50
0BA,0,0,09:42:52
0BB,0,0,09:42:55
0BC,0,0,09:42:58
0BD,0,0,09:43:01
0BE,0,0,09:43:04
0BF,0,0,09:43:06
0C0,0,0,09:43:09
0C1,0,0,09:43:12
0C2,0,0,09:43:15
0C3,0,0,09:43:17
0C4,0,0,09:43:20
0C5,0,0,09:43:23
0C6,0,0,09:43:26
0C7,0,0,09:43:28
0C8,0,0,09:43:31
0C9,0,0,09:43:34
0CA,0,0,09:43:37
0CB,0,0,09:43:40
0CC,0,0,09:43:42
0CD,0,0,09:43:45
0CE,0,0,09:43:48
0CF,0,0,09:43:51
0D0,0,0,09:43:54
0D1,0,0,09:43:56
0D2,0,0,09:43:59
0D3,0,0,09:44:02
0D4,0,0,09:44:05
0D5,0,0,09:44:07
0D6,0,0,09:44:10
0D8,0,0,09:44:13
0D9,0,0,09:44:16
0DA,0,0,09:44:19
0DB,0,0,09:44:21
0DC,0,0,09:44:24
0DD,0,0,09:44:27
0DE,0,0,09:44:30
0DF,0,0,09:44:33
0E0,0,0,09:44:35
0E1,0,0,09:44:38
0E2,0,0,09:44:41
0E3,0,0,09:44:44
0E4,0,0,09:44:46
0E5,0,0,09:44:49
0E6,0,0,09:44:52
0E7,0,0,09:44:55
0E8,0,0,09:44:58
0E9,0,0,09:45:00
0EA,0,0,09:45:03
0EB,0,0,09:45:06
0EC,0,0,09:45:09
0ED,0,0,09:45:12
0EE,0,0,09:45:14
0EF,0,0,09:45:17
0F0,0,0,09:45:20
0F1,0,0,09:45:23
0F2,0,0,09:45:26
0F4,0,0,09:45:29
0F5,0,0,09:45:31
0F6,0,0,09:45:34
0F7,0,0,09:45:37
0F8,0,0,09:45:40
0F9,0,0,09:45:42
0FA,0,0,09:45:45
0FB,0,0,09:45:48
0FC,0,0,09:45:51
0FD,0,0,09:45:54
0FE,0,0,09:45:56
0FF,0,0,09:45:59
100,0,0,09:46:02
101,0,0,09:46:05
102,0,0,09:46:07
103,0,0,09:46:10
104,0,0,09:46:13
105,0,0,09:46:16
106,0,0,09:46:19
107,0,0,09:46:21
108,0,0,09:46:24
109,0,0,09:46:27
10A,0,0,09:46:30
10B,0,0,09:46:32
10C,0,0,09:46:35
10D,0,0,09:46:38
10E,0,0,09:46:41
10F,0,0,09:46:44
110,0,0,09:46:46
111,0,0,09:46:49
112,0,0,09:46:52
113,0,0,09:46:55
114,0,0,09:46:58
115,0,0,09:47:00
116,0,0,09:47:03
117,0,0,09:47:06
118,0,0,09:47:09
119,0,0,09:47:12
11A,0,0,09:47:14
11B,0,0,09:47:17
11C,0,0,09:47:20
11D,0,0,09:47:23
11E,0,0,09:47:26
11F,0,0,09:47:28
120,0,0,09:47:31
121,0,0,09:47:34
122,0,0,09:47:37
123,0,0,09:47:39
124,0,0,09:47:42
125,0,0,09:47:45
126,0,0,09:47:48
127,0,0,09:47:51
128,0,0,09:47:53
129,0,0,09:47:56
12A,0,0,09:47:59
12B,0,0,09:48:02
12C,0,0,09:48:05
12D,0,0,09:48:07
12E,0,0,09:48:10
130,0,0,09:48:13
131,0,0,09:48:16
132,0,0,09:48:18
133,0,0,09:48:21
134,0,0,09:48:24
135,0,0,09:48:27
136,0,0,09:48:30
137,0,0,09:48:32
138,0,0,09:48:35
139,0,0,09:48:38
13A,0,0,09:48:41
13B,0,0,09:48:43
13C,0,0,09:48:46
13D,0,0,09:48:49
13E,0,0,09:48:52
13F,0,0,09:48:55
140,0,0,09:48:57
141,0,0,09:49:00
142,0,0,09:49:03
143,0,0,09:49:06
144,0,0,09:49:08
145,0,0,09:49:11
146,0,0,09:49:14
147,0,0,09:49:17
148,0,0,09:49:19
149,0,0,09:49:22
14A,0,0,09:49:25
14B,0,0,09:49:28
14C,0,0,09:49:31
14D,0,0,09:49:33
14E,0,0,09:49:36
14F,0,0,09:49:39
150,0,0,09:49:42
151,0,0,09:49:44
152,0,0,09:49:47
153,0,0,09:49:50
154,0,0,09:49:53
155,0,0,09:49:56
156,0,0,09:49:58
157,0,0,09:50:01
158,0,0,09:50:04
159,0,0,09:50:07
15A,0,0,09:50:09
15B,0,0,09:50:12
15C,0,0,09:50:15
15D,0,0,09:50:18
15E,0,0,09:50:21
15F,0,0,09:50:23
160,0,0,09:50:26
161,0,0,09:50:29
162,0,0,09:50:32
163,0,0,09:50:34
164,0,0,09:50:37
165,0,0,09:50:40
166,0,0,09:50:43
167,0,0,09:50:46
168,0,0,09:50:48
169,0,0,09:50:51
16A,0,0,09:50:54
16B,0,0,09:50:57
16C,0,0,09:51:00
16D,0,0,09:51:02
16E,0,0,09:51:05
16F,0,0,09:51:08
170,0,0,09:51:11
171,0,0,09:51:13
172,0,0,09:51:16
173,0,0,09:51:19
174,0,0,09:51:22
175,0,0,09:51:25
176,0,0,09:51:27
177,0,0,09:51:30
178,0,0,09:51:33
179,0,0,09:51:36
17A,0,0,09:51:38
17B,0,0,09:51:41
17C,0,0,09:51:44
17D,0,0,09:51:47
17E,0,0,09:51:50
17F,0,0,09:51:52
180,0,0,09:51:55
181,0,0,09:51:58
182,0,0,09:52:01
183,0,0,09:52:04
184,0,0,09:52:06
185,0,0,09:52:09
186,0,0,09:52:12
187,0,0,09:52:15
188,0,0,09:52:17
189,0,0,09:52:20
18A,0,0,09:52:23
18B,0,0,09:52:26
18C,0,0,09:52:28
18D,0,0,09:52:31
18E,0,0,09:52:34
18F,0,0,09:52:37
190,0,0,09:52:40
191,0,0,09:52:42
192,0,0,09:52:45
194,0,0,09:52:48
195,0,0,09:52:51
196,0,0,09:52:54
197,0,0,09:52:56
198,0,0,09:52:59
199,0,0,09:53:02
19A,0,0,09:53:05
19C,0,0,09:53:08
19D,0,0,09:53:10
19E,0,0,09:53:13
19F,0,0,09:53:16
1A0,0,0,09:53:19
1A2,0,0,09:53:21
1A3,0,0,09:53:24
1A4,0,0,09:53:27
1A5,0,0,09:53:30
1A6,0,0,09:53:32
1A7,0,0,09:53:35
1A8,0,0,09:53:38
1A9,0,0,09:53:41
1AA,0,0,09:53:44
1AB,0,0,09:53:46
1AC,0,0,09:53:49
1AD,0,0,09:53:52
1AE,0,0,09:53:55
1AF,0,0,09:53:58
1B0,0,0,09:54:01
1B1,0,0,09:54:04
1B2,0,0,09:54:06
1B4,0,0,09:54:09
1B5,0,0,09:54:12
1B6,0,0,09:54:15
1B7,0,0,09:54:17
1B8,0,0,09:54:20
1B9,0,0,09:54:23
1BA,0,0,09:54:26
1BB,0,0,09:54:29
1BC,0,0,09:54:31
1BD,0,0,09:54:34
1BE,0,0,09:54:37
1BF,0,0,09:54:40
1C0,0,0,09:54:42
1C1,0,0,09:54:45
1C2,0,0,09:54:48
1C3,0,0,09:54:51
1C4,0,0,09:54:54
1C5,0,0,09:54:56
1C6,0,0,09:54:59
1C7,0,0,09:55:02
1C8,0,0,09:55:05
1C9,0,0,09:55:08
1CA,0,0,09:55:10
1CB,0,0,09:55:13
1CC,0,0,09:55:16
1CD,0,0,09:55:19
1CE,0,0,09:55:22
1CF,0,0,09:55:24
1D0,0,0,09:55:27
1D1,0,0,09:55:30
1D2,0,0,09:55:33
1D3,0,0,09:55:36
1D4,0,0,09:55:38
1D5,0,0,09:55:41
1D6,0,0,09:55:44
1D7,0,0,09:55:47
1D8,0,0,09:55:50
1D9,0,0,09:55:52
1DA,0,0,09:55:55
1DB,0,0,09:55:58
1DC,0,0,09:56:01
1DD,0,0,09:56:04
1DE,0,0,09:56:06
1DF,0,0,09:56:09
1E0,0,0,09:56:12
1E1,0,0,09:56:15
1E2,0,0,09:56:17
1E3,0,0,09:56:20
1E4,0,0,09:56:23
1E5,0,0,09:56:26
1E6,0,0,09:56:29
1E7,0,0,09:56:32
1E8,0,0,09:56:34
1E9,0,0,09:56:37
1EA,0,0,09:56:40
1EB,0,0,09:56:43
1EC,0,0,09:56:46
1ED,0,0,09:56:48
1EF,0,0,09:56:51
1F0,0,0,09:56:54
1F1,0,0,09:56:57
1F2,0,0,09:56:59
1F3,0,0,09:57:02
1F4,0,0,09:57:05
1F5,0,0,09:57:08
1F7,0,0,09:57:10
1F8,0,0,09:57:13
1F9,0,0,09:57:16
1FA,0,0,09:57:19
1FB,0,0,09:57:22
1FC,0,0,09:57:24
1FD,0,0,09:57:27
1FE,0,0,09:57:30
1FF,0,0,09:57:33
200,0,0,09:57:36
201,0,0,09:57:38
203,0,0,09:57:41
204,0,0,09:57:44
206,0,0,09:57:47
207,0,0,09:57:50
208,0,0,09:57:52
209,0,0,09:57:55
20A,0,0,09:57:58
20B,0,0,09:58:01
20C,0,0,09:58:03
20D,0,0,09:58:06
20E,0,0,09:58:09
20F,0,0,09:58:12
210,0,0,09:58:15
211,0,0,09:58:17
212,0,0,09:58:20
213,0,0,09:58:23
214,0,0,09:58:26
215,0,0,09:58:28
216,0,0,09:58:31
217,0,0,09:58:34
218,0,0,09:58:37
219,0,0,09:58:40
21B,0,0,09:58:42
21C,0,0,09:58:45
21D,0,0,09:58:48
21E,0,0,09:58:51
21F,0,0,09:58:53
220,0,0,09:58:56
221,0,0,09:58:59
222,0,0,09:59:02
223,0,0,09:59:05
224,0,0,09:59:07
225,0,0,09:59:10
226,0,0,09:59:13
227,0,0,09:59:16
228,0,0,09:59:18
229,0,0,09:59:21
22A,0,0,09:59:24
22B,0,0,09:59:27
22C,0,0,09:59:30
22D,0,0,09:59:32
22E,0,0,09:59:35
22F,0,0,09:59:38
230,0,0,09:59:41
231,0,0,09:59:43
232,0,0,09:59:46
233,0,0,09:59:49
234,0,0,09:59:52
235,0,0,09:59:55
236,0,0,09:59:57
237,0,0,10:00:00
238,0,0,10:00:03
239,0,0,10:00:06
23A,0,0,10:00:08
23B,0,0,10:00:11
23C,0,0,10:00:14
23D,0,0,10:00:17
23E,0,0,10:00:20
23F,0,0,10:00:22
240,0,0,10:00:25
241,0,0,10:00:28
242,0,0,10:00:31
243,0,0,10:00:34
244,0,0,10:00:36
245,0,0,10:00:39
246,0,0,10:00:42
247,0,0,10:00:45
248,0,0,10:00:48
249,0,0,10:00:50
24A,0,0,10:00:53
24B,0,0,10:00:56
24C,0,0,10:00:59
24D,0,0,10:01:01
24E,0,0,10:01:04
24F,0,0,10:01:07
250,0,0,10:01:10
251,0,0,10:01:13
252,0,0,10:01:15
253,0,0,10:01:18
254,0,0,10:01:21
255,0,0,10:01:24
256,0,0,10:01:26
257,0,0,10:01:29
258,0,0,10:01:32
259,0,0,10:01:35
25A,0,0,10:01:38
25B,0,0,10:01:41
25C,0,0,10:01:43
25D,0,0,10:01:46
25E,0,0,10:01:49
25F,0,0,10:01:52
260,0,0,10:01:54
261,0,0,10:01:57
262,0,0,10:02:00
263,0,0,10:02:03
264,0,0,10:02:06
265,0,0,10:02:08
266,0,0,10:02:11
267,0,0,10:02:14
268,0,0,10:02:17
269,0,0,10:02:20
26A,0,0,10:02:22
26B,0,0,10:02:25
26C,0,0,10:02:28
26D,0,0,10:02:31
26E,0,0,10:02:33
26F,0,0,10:02:36
270,0,0,10:02:39
271,0,0,10:02:42
272,0,0,10:02:45
273,0,0,10:02:47
274,0,0,10:02:50
275,0,0,10:02:53
276,0,0,10:02:56
277,0,0,10:02:59
278,0,0,10:03:02
279,0,0,10:03:05
27A,0,0,10:03:07
27B,0,0,10:03:10
27C,0,0,10:03:13
27D,0,0,10:03:16
27E,0,0,10:03:19
27F,0,0,10:03:21
280,0,0,10:03:24
281,0,0,10:03:27
282,0,0,10:03:30
283,0,0,10:03:32
284,0,0,10:03:35
285,0,0,10:03:38
286,0,0,10:03:41
287,0,0,10:03:44
288,0,0,10:03:46
28A,0,0,10:03:49
28B,0,0,10:03:52
28C,0,0,10:03:55
28D,0,0,10:03:58
28E,0,0,10:04:00
28F,0,0,10:04:03
290,0,0,10:04:06
292,0,0,10:04:09
293,0,0,10:04:12
294,0,0,10:04:14
295,0,0,10:04:17
296,0,0,10:04:20
298,0,0,10:04:23
299,0,0,10:04:25
29A,0,0,10:04:28
29B,0,0,10:04:31
29C,0,0,10:04:34
29D,0,0,10:04:37
29E,0,0,10:04:40
29F,0,0,10:04:42
2A0,0,0,10:04:45
2A1,0,0,10:04:48
2A2,0,0,10:04:51
2A3,0,0,10:04:54
2A4,0,0,10:04:56
2A5,528,1,10:05:06
2A6,0,0,10:05:09
2A8,0,0,10:05:12
2A9,0,0,10:05:15
2AA,0,0,10:05:17
2AB,0,0,10:05:20
2AC,0,0,10:05:23
2AD,0,0,10:05:26
2AE,0,0,10:05:29
2AF,0,0,10:05:31
2B0,0,0,10:05:34
2B1,0,0,10:05:37
2B2,0,0,10:05:40
2B3,0,0,10:05:42
2B4,0,0,10:05:45
2B5,0,0,10:05:48
2B6,0,0,10:05:51
2B7,0,0,10:05:54
2B8,28,0,10:05:56
2B9,0,0,10:05:59
2BA,0,0,10:06:02
2BC,0,0,10:06:05
2BD,0,0,10:06:07
2BE,0,0,10:06:10
2BF,0,0,10:06:13
2C0,0,0,10:06:16
2C1,0,0,10:06:18
2C2,0,0,10:06:21
2C6,0,0,10:06:24
2C7,0,0,10:06:27
2C8,0,0,10:06:30
2C9,0,0,10:06:32
2CB,0,0,10:06:35
2CC,0,0,10:06:38
2CD,0,0,10:06:41
2CE,0,0,10:06:44
2CF,0,0,10:06:46
2D0,0,0,10:06:49
2D1,0,0,10:06:52
2D2,0,0,10:06:55
2D3,0,0,10:06:57
2D4,0,0,10:07:00
2D5,0,0,10:07:03
2D6,0,0,10:07:06
2D7,0,0,10:07:09
2D8,0,0,10:07:11
2D9,0,0,10:07:14
2DA,0,0,10:07:17
2DB,0,0,10:07:20
2DC,0,0,10:07:22
2DD,0,0,10:07:25
2DE,0,0,10:07:28
2DF,0,0,10:07:31
2E0,0,0,10:07:33
2E1,0,0,10:07:36
2E2,0,0,10:07:39
2E3,0,0,10:07:42
2E4,0,0,10:07:45
2E5,0,0,10:07:47
2E6,0,0,10:07:50
2E7,0,0,10:07:53
2E8,0,0,10:07:56
2E9,0,0,10:07:59
2EA,0,0,10:08:02
2EB,0,0,10:08:04
2EC,0,0,10:08:07
2ED,0,0,10:08:10
2EE,0,0,10:08:13
2EF,0,0,10:08:16
2F0,0,0,10:08:18
2F1,0,0,10:08:21
2F2,0,0,10:08:24
2F3,0,0,10:08:27
2F4,0,0,10:08:30
2F5,0,0,10:08:32
2F6,0,0,10:08:35
2F8,0,0,10:08:38
2F9,0,0,10:08:41
2FA,0,0,10:08:43
2FB,0,0,10:08:46
2FC,0,0,10:08:49
2FD,0,0,10:08:52
2FE,0,0,10:08:55
2FF,0,0,10:08:57
300,0,0,10:09:00
301,0,0,10:09:03
302,0,0,10:09:06
303,0,0,10:09:09
304,0,0,10:09:11
305,0,0,10:09:14
306,0,0,10:09:17
307,0,0,10:09:20
308,0,0,10:09:22
309,0,0,10:09:25
30A,0,0,10:09:28
30B,0,0,10:09:31
30C,0,0,10:09:34
30D,0,0,10:09:36
30E,0,0,10:09:39
30F,0,0,10:09:42
310,0,0,10:09:45
311,0,0,10:09:48
312,0,0,10:09:50
313,0,0,10:09:53
314,0,0,10:09:56
315,0,0,10:09:59
316,0,0,10:10:02
317,0,0,10:10:04
318,0,0,10:10:07
319,0,0,10:10:10
31A,0,0,10:10:13
31B,0,0,10:10:15
31C,0,0,10:10:18
31D,0,0,10:10:21
31E,0,0,10:10:24
31F,0,0,10:10:27
320,0,0,10:10:29
321,0,0,10:10:32
322,0,0,10:10:35
323,0,0,10:10:38
324,0,0,10:10:41
325,0,0,10:10:43
326,0,0,10:10:46
327,0,0,10:10:49
329,0,0,10:10:52
32A,0,0,10:10:54
32B,0,0,10:10:57
32C,0,0,10:11:00
32D,0,0,10:11:03
32E,0,0,10:11:06
32F,0,0,10:11:08
331,0,0,10:11:11
332,0,0,10:11:14
333,0,0,10:11:17
334,0,0,10:11:19
335,0,0,10:11:22
337,0,0,10:11:25
339,0,0,10:11:28
33A,0,0,10:11:31
33B,0,0,10:11:33
33C,0,0,10:11:36
33D,0,0,10:11:39
33E,0,0,10:11:42
33F,0,0,10:11:44
340,0,0,10:11:47
341,0,0,10:11:50
342,0,0,10:11:53
343,0,0,10:11:56
344,0,0,10:11:58
345,0,0,10:12:01
346,0,0,10:12:04
347,0,0,10:12:07
348,0,0,10:12:10
34A,0,0,10:12:13
34B,0,0,10:12:15
34C,0,0,10:12:18
34D,0,0,10:12:21
34E,0,0,10:12:24
350,0,0,10:12:26
351,0,0,10:12:29
352,0,0,10:12:32
353,0,0,10:12:35
354,0,0,10:12:38
355,0,0,10:12:40
356,0,0,10:12:43
357,0,0,10:12:46
358,0,0,10:12:49
359,0,0,10:12:52
35A,0,0,10:12:54
35B,0,0,10:12:57
35D,0,0,10:13:00
35E,0,0,10:13:03
35F,0,0,10:13:05
360,0,0,10:13:08
361,0,0,10:13:11
363,0,0,10:13:14
364,0,0,10:13:17
365,0,0,10:13:19
366,0,0,10:13:22
369,0,0,10:13:25
36A,0,0,10:13:28
36B,0,0,10:13:31
36C,0,0,10:13:33
36D,0,0,10:13:36
36F,0,0,10:13:39
370,0,0,10:13:42
371,0,0,10:13:44
372,0,0,10:13:47
373,0,0,10:13:50
374,0,0,10:13:53
375,0,0,10:13:56
376,0,0,10:13:58
377,0,0,10:14:01
378,0,0,10:14:04
379,0,0,10:14:07
37A,0,0,10:14:10
37B,0,0,10:14:12
37C,0,0,10:14:15
37D,0,0,10:14:18
37E,0,0,10:14:21
37F,0,0,10:14:24
380,0,0,10:14:26
381,0,0,10:14:29
382,0,0,10:14:32
383,0,0,10:14:35
384,0,0,10:14:37
385,0,0,10:14:40
386,0,0,10:14:43
387,0,0,10:14:46
388,0,0,10:14:49
389,0,0,10:14:51
38A,0,0,10:14:54
38B,0,0,10:14:57
38C,0,0,10:15:00
38D,0,0,10:15:03
38E,0,0,10:15:05
38F,0,0,10:15:08
390,0,0,10:15:11
391,0,0,10:15:14
392,0,0,10:15:16
394,0,0,10:15:19
395,0,0,10:15:22
396,0,0,10:15:25
397,0,0,10:15:28
398,0,0,10:15:30
399,0,0,10:15:33
39A,0,0,10:15:36
39B,0,0,10:15:39
39C,0,0,10:15:42
39D,0,0,10:15:44
39F,0,0,10:15:47
3A0,0,0,10:15:50
3A1,0,0,10:15:53
3A2,0,0,10:15:56
3A3,0,0,10:15:58
3A4,0,0,10:16:01
3A5,0,0,10:16:04
3A6,0,0,10:16:07
3A8,0,0,10:16:09
3A9,0,0,10:16:12
3AA,0,0,10:16:15
3AB,0,0,10:16:18
3AC,0,0,10:16:21
3AD,0,0,10:16:23
3AE,0,0,10:16:26
3AF,0,0,10:16:29
3B0,0,0,10:16:32
3B1,0,0,10:16:34
3B2,0,0,10:16:37
3B3,0,0,10:16:40
3B4,0,0,10:16:43
3B5,0,0,10:16:46
3B6,0,0,10:16:48
3B7,0,0,10:16:51
3B8,0,0,10:16:54
3B9,0,0,10:16:57
3BA,0,0,10:16:59
3BB,0,0,10:17:02
3BC,0,0,10:17:05
3BD,0,0,10:17:08
3BE,0,0,10:17:11
3BF,0,0,10:17:13
3C0,0,0,10:17:16
3C1,0,0,10:17:19
3C2,0,0,10:17:22
3C3,0,0,10:17:24
3C4,0,0,10:17:27
3C5,0,0,10:17:30
3C6,0,0,10:17:33
3C7,0,0,10:17:36
3C8,0,0,10:17:38
3C9,0,0,10:17:41
3CA,0,0,10:17:44
3CB,0,0,10:17:47
3CC,0,0,10:17:50
3CD,0,0,10:17:52
3CE,0,0,10:17:55
3CF,0,0,10:17:58
3D0,0,0,10:18:01
3D1,0,0,10:18:04
3D2,0,0,10:18:06
3D3,0,0,10:18:09
3D4,0,0,10:18:12
3D5,0,0,10:18:15
3D6,0,0,10:18:18
3D7,0,0,10:18:20
3D8,0,0,10:18:23
3D9,0,0,10:18:26
3DA,0,0,10:18:29
3DB,0,0,10:18:31
3DC,0,0,10:18:34
3DD,0,0,10:18:37
3DE,0,0,10:18:40
3DF,0,0,10:18:43
3E0,0,0,10:18:45
3E1,0,0,10:18:48
3E2,0,0,10:18:51
3E3,0,0,10:18:54
3E4,0,0,10:18:56
3E5,0,0,10:18:59
3E6,0,0,10:19:02
3E7,0,0,10:19:05
3E8,0,0,10:19:08
3E9,0,0,10:19:10
3EA,0,0,10:19:13
3EB,0,0,10:19:16
3EC,0,0,10:19:19
3ED,0,0,10:19:22
3EE,0,0,10:19:24
3EF,0,0,10:19:27
3F0,0,0,10:19:30
3F1,0,0,10:19:33
3F2,0,0,10:19:36
3F3,0,0,10:19:38
3F4,0,0,10:19:41
3F5,0,0,10:19:44
3F6,0,0,10:19:47
3F7,0,0,10:19:50
3F8,0,0,10:19:52
3FA,0,0,10:19:55
3FB,0,0,10:19:58
3FC,0,0,10:20:01
3FE,0,0,10:20:03
3FF,0,0,10:20:06
400,0,0,10:20:09
401,0,0,10:20:12
402,0,0,10:20:15
403,0,0,10:20:18
404,0,0,10:20:20
405,0,0,10:20:23
406,0,0,10:20:26
407,0,0,10:20:29
408,0,0,10:20:32
409,0,0,10:20:34
40A,0,0,10:20:37
40B,0,0,10:20:40
40C,0,0,10:20:43
40D,0,0,10:20:46
40E,0,0,10:20:48
40F,0,0,10:20:51
410,0,0,10:20:54
411,0,0,10:20:57
412,0,0,10:20:59
413,0,0,10:21:02
414,0,0,10:21:05
415,0,0,10:21:08
416,0,0,10:21:11
417,0,0,10:21:13
418,0,0,10:21:16
419,0,0,10:21:19
41A,0,0,10:21:22
41B,0,0,10:21:24
41C,0,0,10:21:27
41D,0,0,10:21:30
41E,0,0,10:21:33
41F,0,0,10:21:36
420,0,0,10:21:38
421,0,0,10:21:41
422,0,0,10:21:44
423,0,0,10:21:47
424,0,0,10:21:50
425,0,0,10:21:52
426,0,0,10:21:55
427,0,0,10:21:58
428,0,0,10:22:01
429,0,0,10:22:03
42A,0,0,10:22:06
42B,0,0,10:22:09
42C,0,0,10:22:12
42D,0,0,10:22:15
42E,0,0,10:22:17
42F,0,0,10:22:20
430,0,0,10:22:23
431,0,0,10:22:26
432,0,0,10:22:28
433,0,0,10:22:31
434,0,0,10:22:34
435,0,0,10:22:37
436,0,0,10:22:40
437,0,0,10:22:42
438,0,0,10:22:45
439,0,0,10:22:48
43A,0,0,10:22:51
43B,0,0,10:22:53
43C,0,0,10:22:56
43D,0,0,10:22:59
43E,0,0,10:23:02
43F,0,0,10:23:05
440,0,0,10:23:07
441,0,0,10:23:10
442,0,0,10:23:13
443,0,0,10:23:16
444,0,0,10:23:18
445,0,0,10:23:21
446,0,0,10:23:24
447,0,0,10:23:27
448,0,0,10:23:30
449,0,0,10:23:32
44A,0,0,10:23:35
44B,0,0,10:23:38
44C,0,0,10:23:41
44D,0,0,10:23:44
44E,0,0,10:23:46
44F,0,0,10:23:49
450,0,0,10:23:52
451,0,0,10:23:55
452,0,0,10:23:58
453,0,0,10:24:00
454,0,0,10:24:03
455,0,0,10:24:06
456,0,0,10:24:09
457,0,0,10:24:12
458,0,0,10:24:14
459,0,0,10:24:17
45A,0,0,10:24:20
45B,0,0,10:24:23
45C,0,0,10:24:25
45D,0,0,10:24:28
45E,0,0,10:24:31
45F,0,0,10:24:34
460,0,0,10:24:36
461,0,0,10:24:39
462,0,0,10:24:42
463,0,0,10:24:45
464,0,0,10:24:48
465,0,0,10:24:51
466,0,0,10:24:53
467,0,0,10:24:56
468,0,0,10:24:59
469,0,0,10:25:02
46A,0,0,10:25:04
46B,0,0,10:25:07
46C,0,0,10:25:10
46D,0,0,10:25:13
46E,0,0,10:25:16
46F,0,0,10:25:18
470,0,0,10:25:21
471,0,0,10:25:24
472,0,0,10:25:27
473,0,0,10:25:30
474,0,0,10:25:32
475,0,0,10:25:35
476,0,0,10:25:38
477,0,0,10:25:41
478,0,0,10:25:43
479,0,0,10:25:46
47A,0,0,10:25:49
47B,0,0,10:25:52
47C,0,0,10:25:55
47D,0,0,10:25:58
47E,0,0,10:26:00
47F,0,0,10:26:03
480,0,0,10:26:06
481,0,0,10:26:09
482,0,0,10:26:11
483,0,0,10:26:14
484,0,0,10:26:17
485,0,0,10:26:20
486,0,0,10:26:23
487,0,0,10:26:25
488,0,0,10:26:28
489,0,0,10:26:31
48A,0,0,10:26:34
48B,0,0,10:26:37
48C,0,0,10:26:40
48D,0,0,10:26:42
48E,0,0,10:26:45
48F,0,0,10:26:48
490,0,0,10:26:51
491,0,0,10:26:53
492,0,0,10:26:56
493,0,0,10:26:59
494,0,0,10:27:02
495,0,0,10:27:05
496,0,0,10:27:07
497,0,0,10:27:10
498,0,0,10:27:13
499,0,0,10:27:16
49A,0,0,10:27:19
49B,0,0,10:27:21
49C,0,0,10:27:24
49D,0,0,10:27:27
49E,0,0,10:27:30
49F,0,0,10:27:32
4A0,0,0,10:27:35
4A1,0,0,10:27:38
4A2,0,0,10:27:41
4A3,0,0,10:27:44
4A4,0,0,10:27:46
4A5,0,0,10:27:49
4A6,0,0,10:27:52
4A7,0,0,10:27:55
4A8,0,0,10:27:58
4A9,0,0,10:28:00
4AA,0,0,10:28:03
4AB,0,0,10:28:06
4AC,0,0,10:28:09
4AD,0,0,10:28:12
4AE,0,0,10:28:14
4AF,0,0,10:28:17
4B0,0,0,10:28:20
4B1,0,0,10:28:23
4B2,0,0,10:28:25
4B3,0,0,10:28:28
4B4,0,0,10:28:31
4B5,0,0,10:28:34
4B6,0,0,10:28:37
4B7,0,0,10:28:39
4B8,0,0,10:28:42
4B9,0,0,10:28:45
4BA,0,0,10:28:48
4BB,0,0,10:28:50
4BC,0,0,10:28:53
4BD,0,0,10:28:56
4BE,0,0,10:28:59
4BF,0,0,10:29:01
4C0,0,0,10:29:04
4C1,0,0,10:29:07
4C2,0,0,10:29:10
4C3,0,0,10:29:13
4C4,0,0,10:29:15
4C5,0,0,10:29:18
4C6,0,0,10:29:21
4C7,0,0,10:29:24
4C8,0,0,10:29:27
4C9,0,0,10:29:29
4CA,0,0,10:29:32
4CB,0,0,10:29:35
4CC,0,0,10:29:38
4CD,0,0,10:29:40
4CE,0,0,10:29:43
4CF,0,0,10:29:46
4D0,0,0,10:29:49
4D1,0,0,10:29:52
4D2,0,0,10:29:54
4D3,0,0,10:29:57
4D4,0,0,10:30:00
4D5,0,0,10:30:03
4D6,0,0,10:30:05
4D7,0,0,10:30:08
4D8,0,0,10:30:11
4D9,0,0,10:30:14
4DA,0,0,10:30:17
4DB,0,0,10:30:19
4DC,0,0,10:30:22
4DD,0,0,10:30:25
4DE,0,0,10:30:28
4DF,0,0,10:30:31
4E0,0,0,10:30:33
4E1,0,0,10:30:36
4E2,0,0,10:30:39
4E3,0,0,10:30:42
4E4,0,0,10:30:44
4E5,0,0,10:30:47
4E6,0,0,10:30:50
4E7,0,0,10:30:53
4E8,0,0,10:30:56
4E9,0,0,10:30:58
4EA,0,0,10:31:01
4EB,0,0,10:31:04
4EC,0,0,10:31:07
4ED,0,0,10:31:09
4EE,0,0,10:31:12
4EF,0,0,10:31:15
4F0,0,0,10:31:18
4F1,0,0,10:31:21
4F2,0,0,10:31:23
4F3,0,0,10:31:26
4F4,0,0,10:31:29
4F5,0,0,10:31:32
4F6,0,0,10:31:35
4F7,0,0,10:31:38
4F8,0,0,10:31:40
4F9,0,0,10:31:43
4FA,0,0,10:31:46
4FB,0,0,10:31:49
4FC,0,0,10:31:51
4FD,0,0,10:31:54
4FE,0,0,10:31:57
4FF,0,0,10:32:00
500,0,0,10:32:03
501,0,0,10:32:05
502,0,0,10:32:08
503,0,0,10:32:11
504,0,0,10:32:14
505,0,0,10:32:17
506,0,0,10:32:19
507,0,0,10:32:22
508,0,0,10:32:25
509,0,0,10:32:28
50A,0,0,10:32:31
50B,0,0,10:32:33
50C,0,0,10:32:36
50D,0,0,10:32:39
50E,0,0,10:32:42
50F,0,0,10:32:44
510,0,0,10:32:47
511,0,0,10:32:50
512,0,0,10:32:53
513,0,0,10:32:56
514,0,0,10:32:58
515,0,0,10:33:01
516,0,0,10:33:04
517,0,0,10:33:07
518,0,0,10:33:09
519,0,0,10:33:12
51A,0,0,10:33:15
51B,0,0,10:33:18
51C,0,0,10:33:21
51D,0,0,10:33:23
51E,0,0,10:33:26
51F,0,0,10:33:29
520,0,0,10:33:32
521,0,0,10:33:34
522,0,0,10:33:37
523,0,0,10:33:40
524,0,0,10:33:43
525,0,0,10:33:46
526,0,0,10:33:48
527,0,0,10:33:51
528,0,0,10:33:54
529,0,0,10:33:57
52A,0,0,10:33:59
52B,0,0,10:34:02
52C,0,0,10:34:05
52D,0,0,10:34:08
52E,0,0,10:34:11
52F,0,0,10:34:13
530,0,0,10:34:16
531,0,0,10:34:19
532,0,0,10:34:22
533,0,0,10:34:25
534,0,0,10:34:27
535,0,0,10:34:30
536,0,0,10:34:33
537,0,0,10:34:36
538,0,0,10:34:39
539,0,0,10:34:41
53A,0,0,10:34:44
53B,0,0,10:34:47
53C,0,0,10:34:50
53D,0,0,10:34:53
53E,0,0,10:34:55
53F,0,0,10:34:58
540,0,0,10:35:01
541,0,0,10:35:04
542,0,0,10:35:06
543,0,0,10:35:09
544,0,0,10:35:12
545,0,0,10:35:15
546,0,0,10:35:17
547,0,0,10:35:20
548,0,0,10:35:23
549,0,0,10:35:26
54A,0,0,10:35:29
54B,0,0,10:35:31
54C,0,0,10:35:34
54D,0,0,10:35:37
54E,0,0,10:35:40
54F,0,0,10:35:42
550,0,0,10:35:45
551,0,0,10:35:48
552,0,0,10:35:51
553,0,0,10:35:54
554,0,0,10:35:56
555,0,0,10:35:59
556,0,0,10:36:02
557,0,0,10:36:05
558,0,0,10:36:08
559,0,0,10:36:10
55A,0,0,10:36:13
55B,0,0,10:36:16
55C,0,0,10:36:19
55D,0,0,10:36:22
55E,0,0,10:36:24
55F,0,0,10:36:27
561,0,0,10:36:30
562,0,0,10:36:33
563,0,0,10:36:35
564,0,0,10:36:38
565,0,0,10:36:41
566,0,0,10:36:44
567,0,0,10:36:47
568,0,0,10:36:49
569,0,0,10:36:52
56A,0,0,10:36:55
56B,0,0,10:36:58
56C,0,0,10:37:01
56D,0,0,10:37:03
56E,0,0,10:37:06
56F,0,0,10:37:09
570,0,0,10:37:12
571,0,0,10:37:15
572,0,0,10:37:18
573,0,0,10:37:20
574,0,0,10:37:23
575,0,0,10:37:26
576,0,0,10:37:29
577,0,0,10:37:32
578,0,0,10:37:34
579,0,0,10:37:37
57A,0,0,10:37:40
57B,0,0,10:37:43
57C,0,0,10:37:45
57D,0,0,10:37:48
57E,0,0,10:37:51
57F,0,0,10:37:54
580,0,0,10:37:57
581,0,0,10:37:59
582,0,0,10:38:02
583,0,0,10:38:05
584,0,0,10:38:08
585,0,0,10:38:10
586,0,0,10:38:13
587,0,0,10:38:16
588,0,0,10:38:19
589,0,0,10:38:22
58A,0,0,10:38:24
58B,0,0,10:38:27
58C,0,0,10:38:30
58D,0,0,10:38:33
58E,0,0,10:38:36
58F,0,0,10:38:38
590,0,0,10:38:41
591,0,0,10:38:44
592,0,0,10:38:47
593,0,0,10:38:49
594,0,0,10:38:52
595,0,0,10:38:55
596,0,0,10:38:58
597,0,0,10:39:01
598,0,0,10:39:03
599,0,0,10:39:06
59A,0,0,10:39:09
59B,0,0,10:39:12
59C,0,0,10:39:14
59D,0,0,10:39:17
59E,0,0,10:39:20
59F,0,0,10:39:23
5A0,0,0,10:39:26
5A1,0,0,10:39:28
5A2,0,0,10:39:31
5A3,0,0,10:39:34
5A4,0,0,10:39:37
5A5,0,0,10:39:39
5A6,0,0,10:39:42
5A7,0,0,10:39:45
5A8,0,0,10:39:48
5A9,0,0,10:39:51
5AA,0,0,10:39:53
5AB,0,0,10:39:56
5AC,0,0,10:39:59
5AD,0,0,10:40:02
5AE,0,0,10:40:04
5AF,0,0,10:40:07
5B0,0,0,10:40:10
5B1,0,0,10:40:13
5B2,0,0,10:40:16
5B3,0,0,10:40:18
5B4,0,0,10:40:21
5B5,0,0,10:40:24
5B6,0,0,10:40:27
5B7,0,0,10:40:29
5B8,0,0,10:40:32
5B9,0,0,10:40:35
5BA,0,0,10:40:38
5BB,0,0,10:40:41
5BC,0,0,10:40:43
5BD,0,0,10:40:46
5BE,0,0,10:40:49
5BF,0,0,10:40:52
5C1,0,0,10:40:55
5C2,0,0,10:40:57
5C3,0,0,10:41:00
5C4,0,0,10:41:03
5C5,0,0,10:41:06
5C6,0,0,10:41:08
5C7,0,0,10:41:11
5C8,0,0,10:41:14
5C9,0,0,10:41:17
5CA,0,0,10:41:20
5CB,0,0,10:41:22
5CC,0,0,10:41:25
5CD,0,0,10:41:28
5CE,0,0,10:41:31
5CF,0,0,10:41:34
5D0,0,0,10:41:36
5D1,0,0,10:41:39
5D2,0,0,10:41:42
5D3,0,0,10:41:45
5D4,0,0,10:41:47
5D5,0,0,10:41:50
5D6,0,0,10:41:53
5D7,0,0,10:41:56
5D8,0,0,10:41:59
5D9,0,0,10:42:02
5DA,0,0,10:42:04
5DB,0,0,10:42:07
5DC,0,0,10:42:10
5DD,0,0,10:42:13
5DE,0,0,10:42:15
5DF,0,0,10:42:18
5E1,0,0,10:42:21
5E2,0,0,10:42:24
5E3,0,0,10:42:27
5E4,0,0,10:42:29
5E5,0,0,10:42:32
5E6,0,0,10:42:35
5E7,0,0,10:42:38
5E8,0,0,10:42:41
5E9,0,0,10:42:43
5EA,0,0,10:42:46
5EB,0,0,10:42:49
5EC,0,0,10:42:52
5ED,0,0,10:42:54
5EE,0,0,10:42:57
5EF,0,0,10:43:00
5F0,0,0,10:43:03
5F1,0,0,10:43:05
5F2,0,0,10:43:08
5F3,0,0,10:43:11
5F4,0,0,10:43:14
5F5,0,0,10:43:17
5F6,0,0,10:43:19
5F7,0,0,10:43:22
5F8,0,0,10:43:25
5F9,0,0,10:43:28
5FA,0,0,10:43:31
5FB,0,0,10:43:33
5FC,0,0,10:43:36
5FD,0,0,10:43:39
5FE,0,0,10:43:42
5FF,0,0,10:43:45
